model,season,reference_date,horizon,WIS
GRW_stationary,2014-2015,2014-11-15,-1,0.37220933279225377
GRW_stationary,2014-2015,2014-11-15,0,1.153857669842267
GRW_stationary,2014-2015,2014-11-15,1,2.9115895290952984
GRW_stationary,2014-2015,2014-11-15,2,12.45081575136434
GRW_stationary,2014-2015,2014-11-15,3,24.91099082393324
GRW_stationary,2014-2015,2014-11-22,-1,0.39847148834377377
GRW_stationary,2014-2015,2014-11-22,0,3.586537304599119
GRW_stationary,2014-2015,2014-11-22,1,12.35151676143968
GRW_stationary,2014-2015,2014-11-22,2,25.000481789381606
GRW_stationary,2014-2015,2014-11-22,3,77.27527701105839
GRW_stationary,2014-2015,2014-11-29,-1,0.21625885459957386
GRW_stationary,2014-2015,2014-11-29,0,22.808462502502998
GRW_stationary,2014-2015,2014-11-29,1,37.92903411347737
GRW_stationary,2014-2015,2014-11-29,2,93.0242500117437
GRW_stationary,2014-2015,2014-11-29,3,212.2965640112136
GRW_stationary,2014-2015,2014-12-06,-1,1.0112299498150104
GRW_stationary,2014-2015,2014-12-06,0,8.678952965820228
GRW_stationary,2014-2015,2014-12-06,1,50.400636739987384
GRW_stationary,2014-2015,2014-12-06,2,160.52310952824797
GRW_stationary,2014-2015,2014-12-06,3,470.4724560339916
GRW_stationary,2014-2015,2014-12-13,-1,1.5470552033012641
GRW_stationary,2014-2015,2014-12-13,0,36.39646223800648
GRW_stationary,2014-2015,2014-12-13,1,141.8156018140807
GRW_stationary,2014-2015,2014-12-13,2,446.7567084135527
GRW_stationary,2014-2015,2014-12-13,3,526.8897429570462
GRW_stationary,2014-2015,2014-12-20,-1,3.3454519822460504
GRW_stationary,2014-2015,2014-12-20,0,76.54140082130832
GRW_stationary,2014-2015,2014-12-20,1,359.5826281165782
GRW_stationary,2014-2015,2014-12-20,2,421.8960671966504
GRW_stationary,2014-2015,2014-12-20,3,180.46858648508896
GRW_stationary,2014-2015,2014-12-27,-1,7.004840039840525
GRW_stationary,2014-2015,2014-12-27,0,216.98926624453088
GRW_stationary,2014-2015,2014-12-27,1,265.4341742947183
GRW_stationary,2014-2015,2014-12-27,2,85.08419259205449
GRW_stationary,2014-2015,2014-12-27,3,41.94204609253902
GRW_stationary,2014-2015,2015-01-03,-1,17.026199191451735
GRW_stationary,2014-2015,2015-01-03,0,61.7521958729193
GRW_stationary,2014-2015,2015-01-03,1,95.65275500653753
GRW_stationary,2014-2015,2015-01-03,2,183.4875686592748
GRW_stationary,2014-2015,2015-01-03,3,204.43143221011553
GRW_stationary,2014-2015,2015-01-10,-1,19.766323309505246
GRW_stationary,2014-2015,2015-01-10,0,138.65959829580453
GRW_stationary,2014-2015,2015-01-10,1,247.03705473171593
GRW_stationary,2014-2015,2015-01-10,2,260.9794406942095
GRW_stationary,2014-2015,2015-01-10,3,326.47017346633453
GRW_stationary,2014-2015,2015-01-17,-1,12.311081474802764
GRW_stationary,2014-2015,2015-01-17,0,88.38634202250564
GRW_stationary,2014-2015,2015-01-17,1,106.23920406808121
GRW_stationary,2014-2015,2015-01-17,2,164.50304511154062
GRW_stationary,2014-2015,2015-01-17,3,154.60866357224361
GRW_stationary,2014-2015,2015-01-24,-1,7.399183394953361
GRW_stationary,2014-2015,2015-01-24,0,24.2984532579898
GRW_stationary,2014-2015,2015-01-24,1,64.88819273942043
GRW_stationary,2014-2015,2015-01-24,2,60.025562102383496
GRW_stationary,2014-2015,2015-01-24,3,64.05770767874623
GRW_stationary,2014-2015,2015-01-31,-1,6.609570650991586
GRW_stationary,2014-2015,2015-01-31,0,48.4213789285762
GRW_stationary,2014-2015,2015-01-31,1,41.65435993676797
GRW_stationary,2014-2015,2015-01-31,2,45.06587730999501
GRW_stationary,2014-2015,2015-01-31,3,63.876192065362154
GRW_stationary,2014-2015,2015-02-07,-1,4.062013475815633
GRW_stationary,2014-2015,2015-02-07,0,13.07938065179032
GRW_stationary,2014-2015,2015-02-07,1,17.642373355290793
GRW_stationary,2014-2015,2015-02-07,2,21.877540224157777
GRW_stationary,2014-2015,2015-02-07,3,25.961230437358864
GRW_stationary,2014-2015,2015-02-14,-1,4.541924175762258
GRW_stationary,2014-2015,2015-02-14,0,13.392723330185794
GRW_stationary,2014-2015,2015-02-14,1,23.36990736842107
GRW_stationary,2014-2015,2015-02-14,2,28.05770928822474
GRW_stationary,2014-2015,2015-02-14,3,42.47027879250792
GRW_stationary,2014-2015,2015-02-21,-1,4.6727763764015515
GRW_stationary,2014-2015,2015-02-21,0,20.745825617883995
GRW_stationary,2014-2015,2015-02-21,1,25.5269441957168
GRW_stationary,2014-2015,2015-02-21,2,41.76039797231615
GRW_stationary,2014-2015,2015-02-21,3,47.71435579989349
GRW_stationary,2014-2015,2015-02-28,-1,3.496152161677447
GRW_stationary,2014-2015,2015-02-28,0,10.55913327990041
GRW_stationary,2014-2015,2015-02-28,1,21.8056994314222
GRW_stationary,2014-2015,2015-02-28,2,27.4600836256354
GRW_stationary,2014-2015,2015-02-28,3,40.46634118779169
GRW_stationary,2014-2015,2015-03-07,-1,3.3909230468517806
GRW_stationary,2014-2015,2015-03-07,0,17.336838983885414
GRW_stationary,2014-2015,2015-03-07,1,22.85936996917883
GRW_stationary,2014-2015,2015-03-07,2,35.68391137962993
GRW_stationary,2014-2015,2015-03-07,3,44.51648937190459
GRW_stationary,2014-2015,2015-03-14,-1,2.5226006273829515
GRW_stationary,2014-2015,2015-03-14,0,8.058952078915599
GRW_stationary,2014-2015,2015-03-14,1,17.279783269983234
GRW_stationary,2014-2015,2015-03-14,2,25.083925294864283
GRW_stationary,2014-2015,2015-03-14,3,32.01026207832723
GRW_stationary,2014-2015,2015-03-21,-1,2.2450650545418784
GRW_stationary,2014-2015,2015-03-21,0,11.741645562014236
GRW_stationary,2014-2015,2015-03-21,1,18.964935655658767
GRW_stationary,2014-2015,2015-03-21,2,25.527455769839868
GRW_stationary,2014-2015,2015-03-21,3,18.045666306988405
GRW_stationary,2014-2015,2015-03-28,-1,1.573908919198617
GRW_stationary,2014-2015,2015-03-28,0,7.155923300020336
GRW_stationary,2014-2015,2015-03-28,1,12.895551409153143
GRW_stationary,2014-2015,2015-03-28,2,8.51989272084368
GRW_stationary,2014-2015,2015-03-28,3,19.238397576986433
GRW_stationary,2014-2015,2015-04-04,-1,1.2004385648975229
GRW_stationary,2014-2015,2015-04-04,0,5.801217218745497
GRW_stationary,2014-2015,2015-04-04,1,5.325189457114006
GRW_stationary,2014-2015,2015-04-04,2,11.596552867534793
GRW_stationary,2014-2015,2015-04-04,3,15.771311277280248
GRW_stationary,2014-2015,2015-04-11,-1,0.9016957633842017
GRW_stationary,2014-2015,2015-04-11,0,7.881054459688702
GRW_stationary,2014-2015,2015-04-11,1,5.4432167759649515
GRW_stationary,2014-2015,2015-04-11,2,9.024764096282059
GRW_stationary,2014-2015,2015-04-11,3,8.748064088438628
GRW_stationary,2015-2016,2015-11-21,-1,0.5230792595516798
GRW_stationary,2015-2016,2015-11-21,0,4.0773466628500525
GRW_stationary,2015-2016,2015-11-21,1,2.1832965437985528
GRW_stationary,2015-2016,2015-11-21,2,3.136559079955302
GRW_stationary,2015-2016,2015-11-21,3,3.3436354956626797
GRW_stationary,2015-2016,2015-11-28,-1,0.31138793318600766
GRW_stationary,2015-2016,2015-11-28,0,3.274348219809937
GRW_stationary,2015-2016,2015-11-28,1,1.783298230301499
GRW_stationary,2015-2016,2015-11-28,2,2.2979448757231333
GRW_stationary,2015-2016,2015-11-28,3,2.459337987595099
GRW_stationary,2015-2016,2015-12-05,-1,0.4982175318253172
GRW_stationary,2015-2016,2015-12-05,0,1.9515368018059418
GRW_stationary,2015-2016,2015-12-05,1,2.1750951056199024
GRW_stationary,2015-2016,2015-12-05,2,2.638392978790669
GRW_stationary,2015-2016,2015-12-05,3,3.1369727838462955
GRW_stationary,2015-2016,2015-12-12,-1,0.39602459185246075
GRW_stationary,2015-2016,2015-12-12,0,1.2355770255977243
GRW_stationary,2015-2016,2015-12-12,1,1.6859480745618904
GRW_stationary,2015-2016,2015-12-12,2,3.2356641803317716
GRW_stationary,2015-2016,2015-12-12,3,9.060790994070182
GRW_stationary,2015-2016,2015-12-19,-1,0.4326716913019296
GRW_stationary,2015-2016,2015-12-19,0,1.2510949670413005
GRW_stationary,2015-2016,2015-12-19,1,2.725978294157032
GRW_stationary,2015-2016,2015-12-19,2,8.505249202572287
GRW_stationary,2015-2016,2015-12-19,3,3.9563567667960546
GRW_stationary,2015-2016,2015-12-26,-1,0.43136134536760834
GRW_stationary,2015-2016,2015-12-26,0,2.5853802432615005
GRW_stationary,2015-2016,2015-12-26,1,9.232136813451843
GRW_stationary,2015-2016,2015-12-26,2,3.7022185588663223
GRW_stationary,2015-2016,2015-12-26,3,2.7082288720481946
GRW_stationary,2015-2016,2016-01-02,-1,0.5929784255155245
GRW_stationary,2015-2016,2016-01-02,0,5.8514365433165585
GRW_stationary,2015-2016,2016-01-02,1,2.549721567157027
GRW_stationary,2015-2016,2016-01-02,2,4.477145670686938
GRW_stationary,2015-2016,2016-01-02,3,4.121516697977093
GRW_stationary,2015-2016,2016-01-09,-1,0.9496772414659249
GRW_stationary,2015-2016,2016-01-09,0,5.163144935385883
GRW_stationary,2015-2016,2016-01-09,1,11.136305672095787
GRW_stationary,2015-2016,2016-01-09,2,9.621971472357455
GRW_stationary,2015-2016,2016-01-09,3,5.569243797054918
GRW_stationary,2015-2016,2016-01-16,-1,0.6553263451975365
GRW_stationary,2015-2016,2016-01-16,0,5.352161589937077
GRW_stationary,2015-2016,2016-01-16,1,4.322821115321283
GRW_stationary,2015-2016,2016-01-16,2,4.605135521454633
GRW_stationary,2015-2016,2016-01-16,3,8.448719091654235
GRW_stationary,2015-2016,2016-01-23,-1,0.3711734624401712
GRW_stationary,2015-2016,2016-01-23,0,1.3195402858362801
GRW_stationary,2015-2016,2016-01-23,1,10.173835067962832
GRW_stationary,2015-2016,2016-01-23,2,16.20744842678099
GRW_stationary,2015-2016,2016-01-23,3,13.187487641459713
GRW_stationary,2015-2016,2016-01-30,-1,0.43303050951638655
GRW_stationary,2015-2016,2016-01-30,0,9.37580018282967
GRW_stationary,2015-2016,2016-01-30,1,15.242763591610547
GRW_stationary,2015-2016,2016-01-30,2,11.93621953311325
GRW_stationary,2015-2016,2016-01-30,3,46.7754046765436
GRW_stationary,2015-2016,2016-02-06,-1,0.8809539287678994
GRW_stationary,2015-2016,2016-02-06,0,4.665582192712667
GRW_stationary,2015-2016,2016-02-06,1,4.340067151898065
GRW_stationary,2015-2016,2016-02-06,2,28.58690958202261
GRW_stationary,2015-2016,2016-02-06,3,82.5169368753135
GRW_stationary,2015-2016,2016-02-13,-1,1.1774719146199206
GRW_stationary,2015-2016,2016-02-13,0,3.6930253585719552
GRW_stationary,2015-2016,2016-02-13,1,21.89281116407233
GRW_stationary,2015-2016,2016-02-13,2,72.69549870561083
GRW_stationary,2015-2016,2016-02-13,3,131.09352287507923
GRW_stationary,2015-2016,2016-02-20,-1,1.084040563461838
GRW_stationary,2015-2016,2016-02-20,0,28.218338017900138
GRW_stationary,2015-2016,2016-02-20,1,85.66215910816064
GRW_stationary,2015-2016,2016-02-20,2,147.11053072881612
GRW_stationary,2015-2016,2016-02-20,3,393.8021301341825
GRW_stationary,2015-2016,2016-02-27,-1,2.4199712293033757
GRW_stationary,2015-2016,2016-02-27,0,40.07369077566697
GRW_stationary,2015-2016,2016-02-27,1,89.74750234521294
GRW_stationary,2015-2016,2016-02-27,2,317.5276585860466
GRW_stationary,2015-2016,2016-02-27,3,163.37992049358562
GRW_stationary,2015-2016,2016-03-05,-1,4.480127171444471
GRW_stationary,2015-2016,2016-03-05,0,36.99292181363086
GRW_stationary,2015-2016,2016-03-05,1,226.84047852833527
GRW_stationary,2015-2016,2016-03-05,2,98.52863110586148
GRW_stationary,2015-2016,2016-03-05,3,52.3754643742941
GRW_stationary,2015-2016,2016-03-12,-1,6.7021543825134735
GRW_stationary,2015-2016,2016-03-12,0,166.83895028461052
GRW_stationary,2015-2016,2016-03-12,1,54.92487194233276
GRW_stationary,2015-2016,2016-03-12,2,36.090165218661
GRW_stationary,2015-2016,2016-03-12,3,40.062968848555634
GRW_stationary,2015-2016,2016-03-19,-1,14.748258802579562
GRW_stationary,2015-2016,2016-03-19,0,84.9307471100178
GRW_stationary,2015-2016,2016-03-19,1,132.40474553393761
GRW_stationary,2015-2016,2016-03-19,2,154.54153870384013
GRW_stationary,2015-2016,2016-03-19,3,206.56386733410727
GRW_stationary,2015-2016,2016-03-26,-1,10.222610765775634
GRW_stationary,2015-2016,2016-03-26,0,45.12808994079638
GRW_stationary,2015-2016,2016-03-26,1,64.19991314117426
GRW_stationary,2015-2016,2016-03-26,2,109.5559254726524
GRW_stationary,2015-2016,2016-03-26,3,121.90874819881326
GRW_stationary,2015-2016,2016-04-02,-1,7.783934672238183
GRW_stationary,2015-2016,2016-04-02,0,25.693260214296604
GRW_stationary,2015-2016,2016-04-02,1,61.08236063966799
GRW_stationary,2015-2016,2016-04-02,2,73.4221655327565
GRW_stationary,2015-2016,2016-04-02,3,75.66377532181195
GRW_stationary,2015-2016,2016-04-09,-1,6.7437609026523955
GRW_stationary,2015-2016,2016-04-09,0,42.181092201970145
GRW_stationary,2015-2016,2016-04-09,1,52.72377085770529
GRW_stationary,2015-2016,2016-04-09,2,53.4013030568368
GRW_stationary,2015-2016,2016-04-09,3,72.0870377968898
GRW_stationary,2016-2017,2016-11-19,-1,0.44083644955368173
GRW_stationary,2016-2017,2016-11-19,0,7.838662452471248
GRW_stationary,2016-2017,2016-11-19,1,6.960309419523281
GRW_stationary,2016-2017,2016-11-19,2,14.870955765172964
GRW_stationary,2016-2017,2016-11-19,3,8.189620958471458
GRW_stationary,2016-2017,2016-11-26,-1,0.8323867900758972
GRW_stationary,2016-2017,2016-11-26,0,2.4017567501376558
GRW_stationary,2016-2017,2016-11-26,1,6.0849773717218545
GRW_stationary,2016-2017,2016-11-26,2,4.363373845593913
GRW_stationary,2016-2017,2016-11-26,3,15.272169646567603
GRW_stationary,2016-2017,2016-12-03,-1,0.8251681313674367
GRW_stationary,2016-2017,2016-12-03,0,6.227748721981956
GRW_stationary,2016-2017,2016-12-03,1,3.6591030643162656
GRW_stationary,2016-2017,2016-12-03,2,15.97251366713676
GRW_stationary,2016-2017,2016-12-03,3,51.68095420911243
GRW_stationary,2016-2017,2016-12-10,-1,1.2193423132753074
GRW_stationary,2016-2017,2016-12-10,0,5.38012079932678
GRW_stationary,2016-2017,2016-12-10,1,9.146399869725146
GRW_stationary,2016-2017,2016-12-10,2,39.972136012288495
GRW_stationary,2016-2017,2016-12-10,3,87.53924226969177
GRW_stationary,2016-2017,2016-12-17,-1,0.9273769075967251
GRW_stationary,2016-2017,2016-12-17,0,16.205510985671246
GRW_stationary,2016-2017,2016-12-17,1,55.762527889069155
GRW_stationary,2016-2017,2016-12-17,2,111.81243756030311
GRW_stationary,2016-2017,2016-12-17,3,99.53684022242052
GRW_stationary,2016-2017,2016-12-24,-1,1.7746771931605907
GRW_stationary,2016-2017,2016-12-24,0,29.632973039401634
GRW_stationary,2016-2017,2016-12-24,1,75.12712498470215
GRW_stationary,2016-2017,2016-12-24,2,65.49027278428433
GRW_stationary,2016-2017,2016-12-24,3,57.51069609061376
GRW_stationary,2016-2017,2016-12-31,-1,3.2762186257362673
GRW_stationary,2016-2017,2016-12-31,0,33.925432094391006
GRW_stationary,2016-2017,2016-12-31,1,29.703299422206396
GRW_stationary,2016-2017,2016-12-31,2,27.588309217657397
GRW_stationary,2016-2017,2016-12-31,3,33.51624924614453
GRW_stationary,2016-2017,2017-01-07,-1,5.235821686995049
GRW_stationary,2016-2017,2017-01-07,0,15.139767527194799
GRW_stationary,2016-2017,2017-01-07,1,21.525765340754468
GRW_stationary,2016-2017,2017-01-07,2,26.29213668875688
GRW_stationary,2016-2017,2017-01-07,3,31.165219174237688
GRW_stationary,2016-2017,2017-01-14,-1,5.086873479209214
GRW_stationary,2016-2017,2017-01-14,0,15.034297689474348
GRW_stationary,2016-2017,2017-01-14,1,21.053245052090805
GRW_stationary,2016-2017,2017-01-14,2,25.944374846105706
GRW_stationary,2016-2017,2017-01-14,3,39.707594561022844
GRW_stationary,2016-2017,2017-01-21,-1,4.9000768412147995
GRW_stationary,2016-2017,2017-01-21,0,14.90772330932723
GRW_stationary,2016-2017,2017-01-21,1,19.815069878615592
GRW_stationary,2016-2017,2017-01-21,2,37.75687125755246
GRW_stationary,2016-2017,2017-01-21,3,182.10796619282175
GRW_stationary,2016-2017,2017-01-28,-1,5.232211472822079
GRW_stationary,2016-2017,2017-01-28,0,16.02691703980438
GRW_stationary,2016-2017,2017-01-28,1,31.38454935596818
GRW_stationary,2016-2017,2017-01-28,2,177.63713232923772
GRW_stationary,2016-2017,2017-01-28,3,307.6815325447376
GRW_stationary,2016-2017,2017-02-04,-1,5.04197813088796
GRW_stationary,2016-2017,2017-02-04,0,34.20804365972097
GRW_stationary,2016-2017,2017-02-04,1,202.2718264737121
GRW_stationary,2016-2017,2017-02-04,2,341.6971034335606
GRW_stationary,2016-2017,2017-02-04,3,445.0591901337508
GRW_stationary,2016-2017,2017-02-11,-1,6.944250882196543
GRW_stationary,2016-2017,2017-02-11,0,153.58943432821005
GRW_stationary,2016-2017,2017-02-11,1,281.4681145711879
GRW_stationary,2016-2017,2017-02-11,2,373.89724169805254
GRW_stationary,2016-2017,2017-02-11,3,189.49206968740503
GRW_stationary,2016-2017,2017-02-18,-1,14.468324444209577
GRW_stationary,2016-2017,2017-02-18,0,93.92107604264797
GRW_stationary,2016-2017,2017-02-18,1,168.23940157972305
GRW_stationary,2016-2017,2017-02-18,2,84.24371641290337
GRW_stationary,2016-2017,2017-02-18,3,88.1372535859221
GRW_stationary,2016-2017,2017-02-25,-1,20.210542099966162
GRW_stationary,2016-2017,2017-02-25,0,85.51261857307951
GRW_stationary,2016-2017,2017-02-25,1,88.3388055807527
GRW_stationary,2016-2017,2017-02-25,2,116.11116913485766
GRW_stationary,2016-2017,2017-02-25,3,145.9768925856092
GRW_stationary,2016-2017,2017-03-04,-1,24.298600778041852
GRW_stationary,2016-2017,2017-03-04,0,130.1182398233466
GRW_stationary,2016-2017,2017-03-04,1,172.42596648724594
GRW_stationary,2016-2017,2017-03-04,2,216.87204574266786
GRW_stationary,2016-2017,2017-03-04,3,200.51660598339927
GRW_stationary,2016-2017,2017-03-11,-1,18.025918169395858
GRW_stationary,2016-2017,2017-03-11,0,58.168588608114334
GRW_stationary,2016-2017,2017-03-11,1,92.79207465721029
GRW_stationary,2016-2017,2017-03-11,2,94.26778193159798
GRW_stationary,2016-2017,2017-03-11,3,115.85733007566897
GRW_stationary,2016-2017,2017-03-18,-1,15.898167437188501
GRW_stationary,2016-2017,2017-03-18,0,53.37988602591538
GRW_stationary,2016-2017,2017-03-18,1,64.85321077213027
GRW_stationary,2016-2017,2017-03-18,2,84.38564906416943
GRW_stationary,2016-2017,2017-03-18,3,192.56082557703485
GRW_stationary,2016-2017,2017-03-25,-1,13.92818518364314
GRW_stationary,2016-2017,2017-03-25,0,45.995364961448466
GRW_stationary,2016-2017,2017-03-25,1,56.763802045235835
GRW_stationary,2016-2017,2017-03-25,2,143.50474402637946
GRW_stationary,2016-2017,2017-03-25,3,212.2881269292018
GRW_stationary,2016-2017,2017-04-01,-1,15.54059549279985
GRW_stationary,2016-2017,2017-04-01,0,49.11844540219893
GRW_stationary,2016-2017,2017-04-01,1,181.35098313777982
GRW_stationary,2016-2017,2017-04-01,2,256.5126885648715
GRW_stationary,2016-2017,2017-04-01,3,292.5253862036452
GRW_stationary,2016-2017,2017-04-08,-1,14.429442856633253
GRW_stationary,2016-2017,2017-04-08,0,152.21670950864527
GRW_stationary,2016-2017,2017-04-08,1,224.1999558685506
GRW_stationary,2016-2017,2017-04-08,2,257.7149609646154
GRW_stationary,2016-2017,2017-04-08,3,290.46677490414623
GRW_stationary,2017-2018,2017-11-18,-1,0.9850604817369817
GRW_stationary,2017-2018,2017-11-18,0,5.707624211639919
GRW_stationary,2017-2018,2017-11-18,1,9.805216128058156
GRW_stationary,2017-2018,2017-11-18,2,21.88783074040329
GRW_stationary,2017-2018,2017-11-18,3,23.6308576823956
GRW_stationary,2017-2018,2017-11-25,-1,1.3077683013038568
GRW_stationary,2017-2018,2017-11-25,0,5.040966287895617
GRW_stationary,2017-2018,2017-11-25,1,14.650242369780951
GRW_stationary,2017-2018,2017-11-25,2,16.60601263429018
GRW_stationary,2017-2018,2017-11-25,3,26.643846184477493
GRW_stationary,2017-2018,2017-12-02,-1,1.5320217832427983
GRW_stationary,2017-2018,2017-12-02,0,10.491602461302712
GRW_stationary,2017-2018,2017-12-02,1,12.670146271870815
GRW_stationary,2017-2018,2017-12-02,2,21.44123355642214
GRW_stationary,2017-2018,2017-12-02,3,123.49027839734049
GRW_stationary,2017-2018,2017-12-09,-1,2.234245402470388
GRW_stationary,2017-2018,2017-12-09,0,6.606803408986269
GRW_stationary,2017-2018,2017-12-09,1,12.82353935107713
GRW_stationary,2017-2018,2017-12-09,2,103.11685662963313
GRW_stationary,2017-2018,2017-12-09,3,213.1587338132044
GRW_stationary,2017-2018,2017-12-16,-1,2.3751748959453467
GRW_stationary,2017-2018,2017-12-16,0,10.179785641965436
GRW_stationary,2017-2018,2017-12-16,1,106.92854595034065
GRW_stationary,2017-2018,2017-12-16,2,220.50375679456891
GRW_stationary,2017-2018,2017-12-16,3,299.1693160258792
GRW_stationary,2017-2018,2017-12-23,-1,2.8938411555417884
GRW_stationary,2017-2018,2017-12-23,0,97.76626517463579
GRW_stationary,2017-2018,2017-12-23,1,209.09936934498953
GRW_stationary,2017-2018,2017-12-23,2,280.3885154732251
GRW_stationary,2017-2018,2017-12-23,3,501.3623161302381
GRW_stationary,2017-2018,2017-12-30,-1,7.1829230393589745
GRW_stationary,2017-2018,2017-12-30,0,74.32354855570794
GRW_stationary,2017-2018,2017-12-30,1,131.51360686388878
GRW_stationary,2017-2018,2017-12-30,2,302.9547647984186
GRW_stationary,2017-2018,2017-12-30,3,403.3822079748142
GRW_stationary,2017-2018,2018-01-06,-1,11.37726548285507
GRW_stationary,2017-2018,2018-01-06,0,52.49681392250655
GRW_stationary,2017-2018,2018-01-06,1,185.88329733611502
GRW_stationary,2017-2018,2018-01-06,2,274.42136631660094
GRW_stationary,2017-2018,2018-01-06,3,275.4172309313624
GRW_stationary,2017-2018,2018-01-13,-1,14.614180842811745
GRW_stationary,2017-2018,2018-01-13,0,128.03085552556564
GRW_stationary,2017-2018,2018-01-13,1,212.85250140564688
GRW_stationary,2017-2018,2018-01-13,2,217.46942365343875
GRW_stationary,2017-2018,2018-01-13,3,280.07613748088187
GRW_stationary,2017-2018,2018-01-20,-1,21.862884311473348
GRW_stationary,2017-2018,2018-01-20,0,89.36505958157962
GRW_stationary,2017-2018,2018-01-20,1,115.0376432675571
GRW_stationary,2017-2018,2018-01-20,2,166.60487471363518
GRW_stationary,2017-2018,2018-01-20,3,211.12875505297052
GRW_stationary,2017-2018,2018-01-27,-1,26.95586637873836
GRW_stationary,2017-2018,2018-01-27,0,79.16922201742412
GRW_stationary,2017-2018,2018-01-27,1,122.71555422439451
GRW_stationary,2017-2018,2018-01-27,2,164.0663360834145
GRW_stationary,2017-2018,2018-01-27,3,164.73696241097318
GRW_stationary,2017-2018,2018-02-03,-1,27.863332923421886
GRW_stationary,2017-2018,2018-02-03,0,94.70262895057425
GRW_stationary,2017-2018,2018-02-03,1,142.77066807591325
GRW_stationary,2017-2018,2018-02-03,2,147.23581172722712
GRW_stationary,2017-2018,2018-02-03,3,236.42252052479742
GRW_stationary,2017-2018,2018-02-10,-1,31.51125330760286
GRW_stationary,2017-2018,2018-02-10,0,97.64239952344711
GRW_stationary,2017-2018,2018-02-10,1,130.7336565312613
GRW_stationary,2017-2018,2018-02-10,2,292.37562116537487
GRW_stationary,2017-2018,2018-02-10,3,456.46633066872533
GRW_stationary,2017-2018,2018-02-17,-1,34.470267907953705
GRW_stationary,2017-2018,2018-02-17,0,108.863046529876
GRW_stationary,2017-2018,2018-02-17,1,340.1143132137881
GRW_stationary,2017-2018,2018-02-17,2,520.1924778984632
GRW_stationary,2017-2018,2018-02-17,3,589.2908186146012
GRW_stationary,2017-2018,2018-02-24,-1,31.110462062158508
GRW_stationary,2017-2018,2018-02-24,0,284.08523522520676
GRW_stationary,2017-2018,2018-02-24,1,470.45622363778256
GRW_stationary,2017-2018,2018-02-24,2,529.4211690207535
GRW_stationary,2017-2018,2018-02-24,3,519.9068037459571
GRW_stationary,2017-2018,2018-03-03,-1,16.602082891912996
GRW_stationary,2017-2018,2018-03-03,0,142.68948491261904
GRW_stationary,2017-2018,2018-03-03,1,198.22700542134376
GRW_stationary,2017-2018,2018-03-03,2,192.3986397433911
GRW_stationary,2017-2018,2018-03-03,3,199.42433731573684
GRW_stationary,2017-2018,2018-03-10,-1,9.304068912986358
GRW_stationary,2017-2018,2018-03-10,0,48.04000031669516
GRW_stationary,2017-2018,2018-03-10,1,50.63375403634903
GRW_stationary,2017-2018,2018-03-10,2,58.228997691276554
GRW_stationary,2017-2018,2018-03-10,3,62.80189575730536
GRW_stationary,2017-2018,2018-03-17,-1,6.898169294942003
GRW_stationary,2017-2018,2018-03-17,0,20.10384448537232
GRW_stationary,2017-2018,2018-03-17,1,27.97794176439296
GRW_stationary,2017-2018,2018-03-17,2,34.270630713520134
GRW_stationary,2017-2018,2018-03-17,3,42.16652337060094
GRW_stationary,2017-2018,2018-03-24,-1,7.094877474518193
GRW_stationary,2017-2018,2018-03-24,0,20.475185797557366
GRW_stationary,2017-2018,2018-03-24,1,28.25884080341313
GRW_stationary,2017-2018,2018-03-24,2,37.7366454436405
GRW_stationary,2017-2018,2018-03-24,3,73.59880267922206
GRW_stationary,2017-2018,2018-03-31,-1,6.875602568852598
GRW_stationary,2017-2018,2018-03-31,0,19.877938698092507
GRW_stationary,2017-2018,2018-03-31,1,30.506230589992914
GRW_stationary,2017-2018,2018-03-31,2,69.56143812535649
GRW_stationary,2017-2018,2018-03-31,3,87.17794879139329
GRW_stationary,2017-2018,2018-04-07,-1,7.147639352209846
GRW_stationary,2017-2018,2018-04-07,0,27.323946397995698
GRW_stationary,2017-2018,2018-04-07,1,74.80816586322331
GRW_stationary,2017-2018,2018-04-07,2,91.51357342983886
GRW_stationary,2017-2018,2018-04-07,3,105.0293245116903
GRW_stationary,2017-2018,2018-04-14,-1,5.858143743917371
GRW_stationary,2017-2018,2018-04-14,0,48.64219971629774
GRW_stationary,2017-2018,2018-04-14,1,65.13384326763114
GRW_stationary,2017-2018,2018-04-14,2,76.7870388926899
GRW_stationary,2017-2018,2018-04-14,3,104.41632147491097
GRW_stationary,2018-2019,2018-11-17,-1,1.2904401042491485
GRW_stationary,2018-2019,2018-11-17,0,6.550249908573295
GRW_stationary,2018-2019,2018-11-17,1,7.930610778608956
GRW_stationary,2018-2019,2018-11-17,2,8.375452540144117
GRW_stationary,2018-2019,2018-11-17,3,10.136753067741228
GRW_stationary,2018-2019,2018-11-24,-1,0.9321097972945348
GRW_stationary,2018-2019,2018-11-24,0,15.422884655507128
GRW_stationary,2018-2019,2018-11-24,1,13.141928174262546
GRW_stationary,2018-2019,2018-11-24,2,14.399792740655638
GRW_stationary,2018-2019,2018-11-24,3,27.047117503302704
GRW_stationary,2018-2019,2018-12-01,-1,1.761772324199616
GRW_stationary,2018-2019,2018-12-01,0,5.107400648166514
GRW_stationary,2018-2019,2018-12-01,1,7.1452622341677055
GRW_stationary,2018-2019,2018-12-01,2,12.867725281878016
GRW_stationary,2018-2019,2018-12-01,3,34.87756036867261
GRW_stationary,2018-2019,2018-12-08,-1,1.7301848556312838
GRW_stationary,2018-2019,2018-12-08,0,5.072020247564574
GRW_stationary,2018-2019,2018-12-08,1,12.518150167709171
GRW_stationary,2018-2019,2018-12-08,2,37.67379690609948
GRW_stationary,2018-2019,2018-12-08,3,105.94206877679868
GRW_stationary,2018-2019,2018-12-15,-1,1.768845534827936
GRW_stationary,2018-2019,2018-12-15,0,10.71122933115883
GRW_stationary,2018-2019,2018-12-15,1,36.99072170396616
GRW_stationary,2018-2019,2018-12-15,2,107.7635078549307
GRW_stationary,2018-2019,2018-12-15,3,100.2430245842291
GRW_stationary,2018-2019,2018-12-22,-1,2.42544956889173
GRW_stationary,2018-2019,2018-12-22,0,23.866881951614424
GRW_stationary,2018-2019,2018-12-22,1,90.58473364651354
GRW_stationary,2018-2019,2018-12-22,2,82.38415012865053
GRW_stationary,2018-2019,2018-12-22,3,47.6205861489096
GRW_stationary,2018-2019,2018-12-29,-1,3.806457630275632
GRW_stationary,2018-2019,2018-12-29,0,55.18478335297617
GRW_stationary,2018-2019,2018-12-29,1,48.516875548235774
GRW_stationary,2018-2019,2018-12-29,2,27.809740071846786
GRW_stationary,2018-2019,2018-12-29,3,52.4645346424532
GRW_stationary,2018-2019,2019-01-05,-1,6.772927516005648
GRW_stationary,2018-2019,2019-01-05,0,19.7307767482807
GRW_stationary,2018-2019,2019-01-05,1,34.87834571404228
GRW_stationary,2018-2019,2019-01-05,2,34.29962529211937
GRW_stationary,2018-2019,2019-01-05,3,65.92435494371445
GRW_stationary,2018-2019,2019-01-12,-1,6.8776040994824115
GRW_stationary,2018-2019,2019-01-12,0,28.22768043332028
GRW_stationary,2018-2019,2019-01-12,1,27.715935329740255
GRW_stationary,2018-2019,2019-01-12,2,66.0865613907643
GRW_stationary,2018-2019,2019-01-12,3,192.36004303359675
GRW_stationary,2018-2019,2019-01-19,-1,5.318532080781776
GRW_stationary,2018-2019,2019-01-19,0,28.573006671173665
GRW_stationary,2018-2019,2019-01-19,1,94.92540345448532
GRW_stationary,2018-2019,2019-01-19,2,245.8214199532583
GRW_stationary,2018-2019,2019-01-19,3,551.8118830910457
GRW_stationary,2018-2019,2019-01-26,-1,7.0181236882275515
GRW_stationary,2018-2019,2019-01-26,0,62.19320494902258
GRW_stationary,2018-2019,2019-01-26,1,203.48420205753035
GRW_stationary,2018-2019,2019-01-26,2,493.3757093944687
GRW_stationary,2018-2019,2019-01-26,3,356.34830087290254
GRW_stationary,2018-2019,2019-02-02,-1,10.75572760434747
GRW_stationary,2018-2019,2019-02-02,0,118.98247201418624
GRW_stationary,2018-2019,2019-02-02,1,378.925948246206
GRW_stationary,2018-2019,2019-02-02,2,256.44382410514055
GRW_stationary,2018-2019,2019-02-02,3,171.78851692165279
GRW_stationary,2018-2019,2019-02-09,-1,17.538690802789258
GRW_stationary,2018-2019,2019-02-09,0,208.04352290082608
GRW_stationary,2018-2019,2019-02-09,1,129.14688825377232
GRW_stationary,2018-2019,2019-02-09,2,100.53569158409103
GRW_stationary,2018-2019,2019-02-09,3,105.50897742087585
GRW_stationary,2018-2019,2019-02-16,-1,28.9130974978026
GRW_stationary,2018-2019,2019-02-16,0,99.38557359648289
GRW_stationary,2018-2019,2019-02-16,1,165.74927801907515
GRW_stationary,2018-2019,2019-02-16,2,202.91399412263098
GRW_stationary,2018-2019,2019-02-16,3,308.0680585108246
GRW_stationary,2018-2019,2019-02-23,-1,25.165643505189113
GRW_stationary,2018-2019,2019-02-23,0,88.51193534079145
GRW_stationary,2018-2019,2019-02-23,1,129.80884164935887
GRW_stationary,2018-2019,2019-02-23,2,228.32911182215736
GRW_stationary,2018-2019,2019-02-23,3,241.3551624342601
GRW_stationary,2018-2019,2019-03-02,-1,21.25879982309141
GRW_stationary,2018-2019,2019-03-02,0,66.85909623344541
GRW_stationary,2018-2019,2019-03-02,1,145.24818498720646
GRW_stationary,2018-2019,2019-03-02,2,162.28123759033986
GRW_stationary,2018-2019,2019-03-02,3,254.58082550384714
GRW_stationary,2018-2019,2019-03-09,-1,19.384154041289833
GRW_stationary,2018-2019,2019-03-09,0,105.94266349164724
GRW_stationary,2018-2019,2019-03-09,1,119.77976365256009
GRW_stationary,2018-2019,2019-03-09,2,211.760823042136
GRW_stationary,2018-2019,2019-03-09,3,216.78255629226436
GRW_stationary,2018-2019,2019-03-16,-1,13.309467309208175
GRW_stationary,2018-2019,2019-03-16,0,39.58145370376994
GRW_stationary,2018-2019,2019-03-16,1,94.39607206313693
GRW_stationary,2018-2019,2019-03-16,2,102.12095409838449
GRW_stationary,2018-2019,2019-03-16,3,113.96907473616665
GRW_stationary,2018-2019,2019-03-23,-1,13.013329012822187
GRW_stationary,2018-2019,2019-03-23,0,88.02167551890426
GRW_stationary,2018-2019,2019-03-23,1,91.600702857394
GRW_stationary,2018-2019,2019-03-23,2,102.77866038408624
GRW_stationary,2018-2019,2019-03-23,3,156.99612407800234
GRW_stationary,2018-2019,2019-03-30,-1,8.367069101623096
GRW_stationary,2018-2019,2019-03-30,0,24.593521525779913
GRW_stationary,2018-2019,2019-03-30,1,34.936149584955174
GRW_stationary,2018-2019,2019-03-30,2,61.60932881991936
GRW_stationary,2018-2019,2019-03-30,3,109.56998942412719
GRW_stationary,2018-2019,2019-04-06,-1,8.404342655268199
GRW_stationary,2018-2019,2019-04-06,0,24.559720241110192
GRW_stationary,2018-2019,2019-04-06,1,56.68271881383364
GRW_stationary,2018-2019,2019-04-06,2,108.50668274701593
GRW_stationary,2018-2019,2019-04-06,3,137.57262297406965
GRW_stationary,2018-2019,2019-04-13,-1,7.863265378913974
GRW_stationary,2018-2019,2019-04-13,0,48.97253427975847
GRW_stationary,2018-2019,2019-04-13,1,103.7686454536531
GRW_stationary,2018-2019,2019-04-13,2,133.47259318071144
GRW_stationary,2018-2019,2019-04-13,3,159.6164811407568
GRW_stationary,2019-2020,2019-11-16,-1,0.9746611544006432
GRW_stationary,2019-2020,2019-11-16,0,9.078760743663315
GRW_stationary,2019-2020,2019-11-16,1,9.68619293398972
GRW_stationary,2019-2020,2019-11-16,2,26.875984025511126
GRW_stationary,2019-2020,2019-11-16,3,30.053867434389232
GRW_stationary,2019-2020,2019-11-23,-1,1.5478213593470056
GRW_stationary,2019-2020,2019-11-23,0,4.438685546361781
GRW_stationary,2019-2020,2019-11-23,1,15.049888154397031
GRW_stationary,2019-2020,2019-11-23,2,18.421284667202674
GRW_stationary,2019-2020,2019-11-23,3,48.226163792994164
GRW_stationary,2019-2020,2019-11-30,-1,1.5645810520686292
GRW_stationary,2019-2020,2019-11-30,0,14.725082365577293
GRW_stationary,2019-2020,2019-11-30,1,17.823611302822027
GRW_stationary,2019-2020,2019-11-30,2,49.8804869111482
GRW_stationary,2019-2020,2019-11-30,3,73.72941592773057
GRW_stationary,2019-2020,2019-12-07,-1,2.404923229997034
GRW_stationary,2019-2020,2019-12-07,0,7.527192674386893
GRW_stationary,2019-2020,2019-12-07,1,29.74148478071931
GRW_stationary,2019-2020,2019-12-07,2,50.08772212771399
GRW_stationary,2019-2020,2019-12-07,3,184.96651824647688
GRW_stationary,2019-2020,2019-12-14,-1,2.610617851342862
GRW_stationary,2019-2020,2019-12-14,0,26.72594472516813
GRW_stationary,2019-2020,2019-12-14,1,47.2204005308594
GRW_stationary,2019-2020,2019-12-14,2,185.23940236056038
GRW_stationary,2019-2020,2019-12-14,3,266.7238034694309
GRW_stationary,2019-2020,2019-12-21,-1,4.2342116173802555
GRW_stationary,2019-2020,2019-12-21,0,19.904972657862665
GRW_stationary,2019-2020,2019-12-21,1,137.1960246815546
GRW_stationary,2019-2020,2019-12-21,2,210.0621807932688
GRW_stationary,2019-2020,2019-12-21,3,100.59378683320611
GRW_stationary,2019-2020,2019-12-28,-1,5.282022526740891
GRW_stationary,2019-2020,2019-12-28,0,114.29027982576368
GRW_stationary,2019-2020,2019-12-28,1,182.25462474635393
GRW_stationary,2019-2020,2019-12-28,2,77.54387353117365
GRW_stationary,2019-2020,2019-12-28,3,65.01195676829042
GRW_stationary,2019-2020,2020-01-04,-1,10.983901223546615
GRW_stationary,2019-2020,2020-01-04,0,54.600540746049596
GRW_stationary,2019-2020,2020-01-04,1,45.25159237116362
GRW_stationary,2019-2020,2020-01-04,2,58.734239561328046
GRW_stationary,2019-2020,2020-01-04,3,67.15025404232848
GRW_stationary,2019-2020,2020-01-11,-1,14.122350042364184
GRW_stationary,2019-2020,2020-01-11,0,77.42250885830694
GRW_stationary,2019-2020,2020-01-11,1,95.46310005141937
GRW_stationary,2019-2020,2020-01-11,2,76.83006593105306
GRW_stationary,2019-2020,2020-01-11,3,96.13583046119064
GRW_stationary,2019-2020,2020-01-18,-1,10.288922072771955
GRW_stationary,2019-2020,2020-01-18,0,30.599437353988282
GRW_stationary,2019-2020,2020-01-18,1,49.582907671566794
GRW_stationary,2019-2020,2020-01-18,2,124.91075191696493
GRW_stationary,2019-2020,2020-01-18,3,228.86529154278372
GRW_stationary,2019-2020,2020-01-25,-1,9.279751216150835
GRW_stationary,2019-2020,2020-01-25,0,48.895363786827964
GRW_stationary,2019-2020,2020-01-25,1,147.15205449433472
GRW_stationary,2019-2020,2020-01-25,2,259.6443568992446
GRW_stationary,2019-2020,2020-01-25,3,138.17409047473245
GRW_stationary,2019-2020,2020-02-01,-1,12.284024016020686
GRW_stationary,2019-2020,2020-02-01,0,92.776273617552
GRW_stationary,2019-2020,2020-02-01,1,198.45894099420883
GRW_stationary,2019-2020,2020-02-01,2,100.86787711115319
GRW_stationary,2019-2020,2020-02-01,3,93.14838483350361
GRW_stationary,2019-2020,2020-02-08,-1,17.877326097949737
GRW_stationary,2019-2020,2020-02-08,0,96.13629534581463
GRW_stationary,2019-2020,2020-02-08,1,72.74107817092246
GRW_stationary,2019-2020,2020-02-08,2,89.4253930640152
GRW_stationary,2019-2020,2020-02-08,3,107.59913711795697
GRW_stationary,2019-2020,2020-02-15,-1,23.402886409082313
GRW_stationary,2019-2020,2020-02-15,0,108.9229436005113
GRW_stationary,2019-2020,2020-02-15,1,143.1744780465658
GRW_stationary,2019-2020,2020-02-15,2,170.71689236108475
GRW_stationary,2019-2020,2020-02-15,3,189.56939732964767
GRW_stationary,2019-2020,2020-02-22,-1,18.044061223248182
GRW_stationary,2019-2020,2020-02-22,0,55.32593729593464
GRW_stationary,2019-2020,2020-02-22,1,80.19872340315386
GRW_stationary,2019-2020,2020-02-22,2,99.56301611476553
GRW_stationary,2019-2020,2020-02-22,3,134.6087394159111
GRW_stationary,2019-2020,2020-02-29,-1,16.558162533850574
GRW_stationary,2019-2020,2020-02-29,0,50.832814413236896
GRW_stationary,2019-2020,2020-02-29,1,69.99046005348274
GRW_stationary,2019-2020,2020-02-29,2,102.64295483711678
GRW_stationary,2019-2020,2020-02-29,3,196.9169964844607
GRW_stationary,2019-2020,2020-03-07,-1,15.60813822183647
GRW_stationary,2019-2020,2020-03-07,0,45.95490272597716
GRW_stationary,2019-2020,2020-03-07,1,75.34190309711462
GRW_stationary,2019-2020,2020-03-07,2,170.71669560015545
GRW_stationary,2019-2020,2020-03-07,3,303.14219186697426
GRW_stationary,2019-2020,2020-03-14,-1,15.333650845162689
GRW_stationary,2019-2020,2020-03-14,0,58.98949334148918
GRW_stationary,2019-2020,2020-03-14,1,164.07697365220957
GRW_stationary,2019-2020,2020-03-14,2,301.8272595626653
GRW_stationary,2019-2020,2020-03-14,3,313.6572970656745
GRW_stationary,2019-2020,2020-03-21,-1,12.669642374296082
GRW_stationary,2019-2020,2020-03-21,0,106.63892273392715
GRW_stationary,2019-2020,2020-03-21,1,243.47868149906824
GRW_stationary,2019-2020,2020-03-21,2,253.14974640696127
GRW_stationary,2019-2020,2020-03-21,3,271.64761854593206
GRW_stationary,2019-2020,2020-03-28,-1,6.807987224793319
GRW_stationary,2019-2020,2020-03-28,0,115.36122898916243
GRW_stationary,2019-2020,2020-03-28,1,124.3812049993054
GRW_stationary,2019-2020,2020-03-28,2,144.24498256703578
GRW_stationary,2019-2020,2020-03-28,3,148.95482688216688
GRW_stationary,2019-2020,2020-04-04,-1,1.854005426313028
GRW_stationary,2019-2020,2020-04-04,0,10.185250841772927
GRW_stationary,2019-2020,2020-04-04,1,25.96287790391308
GRW_stationary,2019-2020,2020-04-04,2,32.46954858553339
GRW_stationary,2019-2020,2020-04-04,3,28.15983179968283
GRW_stationary,2019-2020,2020-04-11,-1,1.3288436337074856
GRW_stationary,2019-2020,2020-04-11,0,14.5299270013134
GRW_stationary,2019-2020,2020-04-11,1,20.656973433483373
GRW_stationary,2019-2020,2020-04-11,2,16.40666091344671
GRW_stationary,2019-2020,2020-04-11,3,14.745776539354388
GRW_stationary,2023-2024,2023-11-18,-1,3.8190721054824572
GRW_stationary,2023-2024,2023-11-18,0,20.69127618954707
GRW_stationary,2023-2024,2023-11-18,1,64.48985491058885
GRW_stationary,2023-2024,2023-11-18,2,114.93377170104108
GRW_stationary,2023-2024,2023-11-18,3,248.4930789585723
GRW_stationary,2023-2024,2023-11-25,-1,5.046127312992322
GRW_stationary,2023-2024,2023-11-25,0,40.58886983476551
GRW_stationary,2023-2024,2023-11-25,1,85.8946242103609
GRW_stationary,2023-2024,2023-11-25,2,214.4714567451165
GRW_stationary,2023-2024,2023-11-25,3,376.9374716464647
GRW_stationary,2023-2024,2023-12-02,-1,7.493291938613788
GRW_stationary,2023-2024,2023-12-02,0,41.108148117444564
GRW_stationary,2023-2024,2023-12-02,1,146.5943370358736
GRW_stationary,2023-2024,2023-12-02,2,294.0187655596757
GRW_stationary,2023-2024,2023-12-02,3,730.9761664299182
GRW_stationary,2023-2024,2023-12-09,-1,9.998488410537302
GRW_stationary,2023-2024,2023-12-09,0,97.09090971512147
GRW_stationary,2023-2024,2023-12-09,1,233.16374810604054
GRW_stationary,2023-2024,2023-12-09,2,651.6950048394123
GRW_stationary,2023-2024,2023-12-09,3,1071.492530898972
GRW_stationary,2023-2024,2023-12-16,-1,15.673699084948751
GRW_stationary,2023-2024,2023-12-16,0,111.7405722106867
GRW_stationary,2023-2024,2023-12-16,1,467.40106844911946
GRW_stationary,2023-2024,2023-12-16,2,846.5812459224846
GRW_stationary,2023-2024,2023-12-16,3,322.95632270707534
GRW_stationary,2023-2024,2023-12-23,-1,23.01104113001103
GRW_stationary,2023-2024,2023-12-23,0,309.89366057327715
GRW_stationary,2023-2024,2023-12-23,1,652.9848347314045
GRW_stationary,2023-2024,2023-12-23,2,212.51423339995128
GRW_stationary,2023-2024,2023-12-23,3,135.83224219403346
GRW_stationary,2023-2024,2023-12-30,-1,39.44856706867247
GRW_stationary,2023-2024,2023-12-30,0,274.51221869863355
GRW_stationary,2023-2024,2023-12-30,1,168.88017816417138
GRW_stationary,2023-2024,2023-12-30,2,317.75991673635036
GRW_stationary,2023-2024,2023-12-30,3,472.6127325384227
GRW_stationary,2023-2024,2024-01-06,-1,56.372823366685274
GRW_stationary,2023-2024,2024-01-06,0,384.13844140949755
GRW_stationary,2023-2024,2024-01-06,1,654.6666755660598
GRW_stationary,2023-2024,2024-01-06,2,833.7411350663947
GRW_stationary,2023-2024,2024-01-06,3,870.5089502464518
GRW_stationary,2023-2024,2024-01-13,-1,34.91332293416399
GRW_stationary,2023-2024,2024-01-13,0,215.4432782949291
GRW_stationary,2023-2024,2024-01-13,1,372.41775790767196
GRW_stationary,2023-2024,2024-01-13,2,404.6312583304532
GRW_stationary,2023-2024,2024-01-13,3,489.8991272865901
GRW_stationary,2023-2024,2024-01-20,-1,22.887808768835914
GRW_stationary,2023-2024,2024-01-20,0,134.47484118655208
GRW_stationary,2023-2024,2024-01-20,1,168.08319897133558
GRW_stationary,2023-2024,2024-01-20,2,237.79975342115915
GRW_stationary,2023-2024,2024-01-20,3,268.2186097963291
GRW_stationary,2023-2024,2024-01-27,-1,15.66257835378978
GRW_stationary,2023-2024,2024-01-27,0,49.95773034272528
GRW_stationary,2023-2024,2024-01-27,1,97.13323769293073
GRW_stationary,2023-2024,2024-01-27,2,124.67453662062313
GRW_stationary,2023-2024,2024-01-27,3,157.3005684950516
GRW_stationary,2023-2024,2024-02-03,-1,13.632393960267066
GRW_stationary,2023-2024,2024-02-03,0,62.7241920808439
GRW_stationary,2023-2024,2024-02-03,1,89.92941070312712
GRW_stationary,2023-2024,2024-02-03,2,120.47389229760218
GRW_stationary,2023-2024,2024-02-03,3,109.83246447056077
GRW_stationary,2023-2024,2024-02-10,-1,10.571011903829978
GRW_stationary,2023-2024,2024-02-10,0,35.49651979521021
GRW_stationary,2023-2024,2024-02-10,1,58.302480450199916
GRW_stationary,2023-2024,2024-02-10,2,56.69924370460293
GRW_stationary,2023-2024,2024-02-10,3,75.54853029561141
GRW_stationary,2023-2024,2024-02-17,-1,9.245793088696718
GRW_stationary,2023-2024,2024-02-17,0,33.0658976419295
GRW_stationary,2023-2024,2024-02-17,1,38.119385241875264
GRW_stationary,2023-2024,2024-02-17,2,51.831712152747116
GRW_stationary,2023-2024,2024-02-17,3,67.29078462408008
GRW_stationary,2023-2024,2024-02-24,-1,7.741308688098728
GRW_stationary,2023-2024,2024-02-24,0,28.24854808616942
GRW_stationary,2023-2024,2024-02-24,1,32.156004204699435
GRW_stationary,2023-2024,2024-02-24,2,43.552649868543064
GRW_stationary,2023-2024,2024-02-24,3,76.95274537417278
GRW_stationary,2023-2024,2024-03-02,-1,9.182138898011978
GRW_stationary,2023-2024,2024-03-02,0,33.96479991533385
GRW_stationary,2023-2024,2024-03-02,1,52.15590188598414
GRW_stationary,2023-2024,2024-03-02,2,97.53630770879072
GRW_stationary,2023-2024,2024-03-02,3,113.27069784785571
GRW_stationary,2023-2024,2024-03-09,-1,7.631122466057069
GRW_stationary,2023-2024,2024-03-09,0,26.137444478208586
GRW_stationary,2023-2024,2024-03-09,1,68.20406913762923
GRW_stationary,2023-2024,2024-03-09,2,81.7370223171093
GRW_stationary,2023-2024,2024-03-09,3,63.99464079091044
GRW_stationary,2023-2024,2024-03-16,-1,6.563616351970487
GRW_stationary,2023-2024,2024-03-16,0,46.24472511397294
GRW_stationary,2023-2024,2024-03-16,1,60.32676683313228
GRW_stationary,2023-2024,2024-03-16,2,44.113048346439335
GRW_stationary,2023-2024,2024-03-16,3,59.328078080494905
GRW_stationary,2023-2024,2024-03-23,-1,4.073260317766013
GRW_stationary,2023-2024,2024-03-23,0,14.563258122027328
GRW_stationary,2023-2024,2024-03-23,1,18.128846508501187
GRW_stationary,2023-2024,2024-03-23,2,21.181015671832267
GRW_stationary,2023-2024,2024-03-23,3,29.802387442779708
GRW_stationary,2023-2024,2024-03-30,-1,3.526408796668045
GRW_stationary,2023-2024,2024-03-30,0,19.43611553019532
GRW_stationary,2023-2024,2024-03-30,1,14.720907348820447
GRW_stationary,2023-2024,2024-03-30,2,19.210209330473834
GRW_stationary,2023-2024,2024-03-30,3,37.437407713699635
GRW_stationary,2023-2024,2024-04-06,-1,4.623325112493983
GRW_stationary,2023-2024,2024-04-06,0,18.144707172934396
GRW_stationary,2023-2024,2024-04-06,1,32.68021839338665
GRW_stationary,2023-2024,2024-04-06,2,59.4032038635272
GRW_stationary,2023-2024,2024-04-06,3,56.537078135112985
GRW_stationary,2023-2024,2024-04-13,-1,3.7776159314688393
GRW_stationary,2023-2024,2024-04-13,0,16.604228689373628
GRW_stationary,2023-2024,2024-04-13,1,41.492649371455016
GRW_stationary,2023-2024,2024-04-13,2,37.78995719764416
GRW_stationary,2023-2024,2024-04-13,3,41.28602470848198
GRW_stationary,2024-2025,2024-11-16,-1,1.4572126247713892
GRW_stationary,2024-2025,2024-11-16,0,6.532329510285546
GRW_stationary,2024-2025,2024-11-16,1,16.550896086418163
GRW_stationary,2024-2025,2024-11-16,2,12.687350281450307
GRW_stationary,2024-2025,2024-11-16,3,27.58521989270815
GRW_stationary,2024-2025,2024-11-23,-1,1.839241630196799
GRW_stationary,2024-2025,2024-11-23,0,10.678284602638017
GRW_stationary,2024-2025,2024-11-23,1,9.168753835736114
GRW_stationary,2024-2025,2024-11-23,2,21.885571045134263
GRW_stationary,2024-2025,2024-11-23,3,73.34650805084553
GRW_stationary,2024-2025,2024-11-30,-1,2.4437758525984643
GRW_stationary,2024-2025,2024-11-30,0,7.901126896392401
GRW_stationary,2024-2025,2024-11-30,1,13.42514266700093
GRW_stationary,2024-2025,2024-11-30,2,56.72400870292695
GRW_stationary,2024-2025,2024-11-30,3,121.56248216437083
GRW_stationary,2024-2025,2024-12-07,-1,2.194313684723187
GRW_stationary,2024-2025,2024-12-07,0,15.215035642342668
GRW_stationary,2024-2025,2024-12-07,1,68.31172203913293
GRW_stationary,2024-2025,2024-12-07,2,140.0269195379563
GRW_stationary,2024-2025,2024-12-07,3,375.50817729084446
GRW_stationary,2024-2025,2024-12-14,-1,3.1578163555605325
GRW_stationary,2024-2025,2024-12-14,0,46.50345613614519
GRW_stationary,2024-2025,2024-12-14,1,112.27718141737418
GRW_stationary,2024-2025,2024-12-14,2,335.9514208784012
GRW_stationary,2024-2025,2024-12-14,3,497.57026655056194
GRW_stationary,2024-2025,2024-12-21,-1,5.678004933930468
GRW_stationary,2024-2025,2024-12-21,0,49.11030664202324
GRW_stationary,2024-2025,2024-12-21,1,234.19208191616386
GRW_stationary,2024-2025,2024-12-21,2,373.0266976662515
GRW_stationary,2024-2025,2024-12-21,3,339.50368934812934
GRW_stationary,2024-2025,2024-12-28,-1,8.413227860195475
GRW_stationary,2024-2025,2024-12-28,0,156.79233476261666
GRW_stationary,2024-2025,2024-12-28,1,281.8521051963519
GRW_stationary,2024-2025,2024-12-28,2,250.02846437248508
GRW_stationary,2024-2025,2024-12-28,3,392.9836112633704
GRW_stationary,2024-2025,2025-01-04,-1,16.708664798942266
GRW_stationary,2024-2025,2025-01-04,0,99.12152208627373
GRW_stationary,2024-2025,2025-01-04,1,99.79974844547293
GRW_stationary,2024-2025,2025-01-04,2,197.71305007801294
GRW_stationary,2024-2025,2025-01-04,3,446.53711949544737
GRW_stationary,2024-2025,2025-01-11,-1,22.582594171674845
GRW_stationary,2024-2025,2025-01-11,0,65.86264608314686
GRW_stationary,2024-2025,2025-01-11,1,122.98269430047225
GRW_stationary,2024-2025,2025-01-11,2,318.49074740911203
GRW_stationary,2024-2025,2025-01-11,3,572.8156836283051
GRW_stationary,2024-2025,2025-01-18,-1,22.006375731014334
GRW_stationary,2024-2025,2025-01-18,0,112.44380056673657
GRW_stationary,2024-2025,2025-01-18,1,344.2326317852623
GRW_stationary,2024-2025,2025-01-18,2,616.7506288431815
GRW_stationary,2024-2025,2025-01-18,3,676.9957553791589
GRW_stationary,2024-2025,2025-01-25,-1,28.64681956184619
GRW_stationary,2024-2025,2025-01-25,0,222.79726515800053
GRW_stationary,2024-2025,2025-01-25,1,481.12395875125446
GRW_stationary,2024-2025,2025-01-25,2,534.7921954918525
GRW_stationary,2024-2025,2025-01-25,3,281.5649394343482
GRW_stationary,2024-2025,2025-02-01,-1,42.33053361169102
GRW_stationary,2024-2025,2025-02-01,0,231.20763040034723
GRW_stationary,2024-2025,2025-02-01,1,305.58534716958695
GRW_stationary,2024-2025,2025-02-01,2,216.9806067739419
GRW_stationary,2024-2025,2025-02-01,3,298.2898167221773
GRW_stationary,2024-2025,2025-02-08,-1,56.25227179226576
GRW_stationary,2024-2025,2025-02-08,0,172.2856876037242
GRW_stationary,2024-2025,2025-02-08,1,275.2296656091376
GRW_stationary,2024-2025,2025-02-08,2,501.26668434334584
GRW_stationary,2024-2025,2025-02-08,3,594.5665626744709
GRW_stationary,2024-2025,2025-02-15,-1,61.287058750049226
GRW_stationary,2024-2025,2025-02-15,0,288.11166185445495
GRW_stationary,2024-2025,2025-02-15,1,567.6076198685471
GRW_stationary,2024-2025,2025-02-15,2,663.2245731683718
GRW_stationary,2024-2025,2025-02-15,3,786.8168829495057
GRW_stationary,2024-2025,2025-02-22,-1,45.18910944071106
GRW_stationary,2024-2025,2025-02-22,0,259.00895008069034
GRW_stationary,2024-2025,2025-02-22,1,352.57373773391157
GRW_stationary,2024-2025,2025-02-22,2,466.74136745049793
GRW_stationary,2024-2025,2025-02-22,3,557.5298199162584
GRW_stationary,2024-2025,2025-03-01,-1,31.590958671494935
GRW_stationary,2024-2025,2025-03-01,0,106.68864798990545
GRW_stationary,2024-2025,2025-03-01,1,190.43512588191828
GRW_stationary,2024-2025,2025-03-01,2,266.60972827381636
GRW_stationary,2024-2025,2025-03-01,3,386.33757684212975
GRW_stationary,2024-2025,2025-03-08,-1,26.534826122238325
GRW_stationary,2024-2025,2025-03-08,0,107.03379266336567
GRW_stationary,2024-2025,2025-03-08,1,178.40243367685468
GRW_stationary,2024-2025,2025-03-08,2,292.3430749074065
GRW_stationary,2024-2025,2025-03-08,3,395.6556238732738
GRW_stationary,2024-2025,2025-03-15,-1,21.114931673438008
GRW_stationary,2024-2025,2025-03-15,0,80.78511242326188
GRW_stationary,2024-2025,2025-03-15,1,176.98302861741865
GRW_stationary,2024-2025,2025-03-15,2,276.0515132983035
GRW_stationary,2024-2025,2025-03-15,3,325.4866437568796
GRW_stationary,2024-2025,2025-03-22,-1,17.200611141202835
GRW_stationary,2024-2025,2025-03-22,0,104.36495440697335
GRW_stationary,2024-2025,2025-03-22,1,196.0434584758625
GRW_stationary,2024-2025,2025-03-22,2,244.94749887270922
GRW_stationary,2024-2025,2025-03-22,3,300.06467090057237
GRW_stationary,2024-2025,2025-03-29,-1,11.999757659158117
GRW_stationary,2024-2025,2025-03-29,0,79.33658906396252
GRW_stationary,2024-2025,2025-03-29,1,123.98607644513324
GRW_stationary,2024-2025,2025-03-29,2,174.72757558026277
GRW_stationary,2024-2025,2025-03-29,3,218.72484304418822
GRW_stationary,2024-2025,2025-04-05,-1,7.761110815887985
GRW_stationary,2024-2025,2025-04-05,0,36.9379986176048
GRW_stationary,2024-2025,2025-04-05,1,79.77021004985916
GRW_stationary,2024-2025,2025-04-05,2,118.09372933504454
GRW_stationary,2024-2025,2025-04-05,3,123.31729837166911
GRW_stationary,2024-2025,2025-04-12,-1,5.656088347423615
GRW_stationary,2024-2025,2025-04-12,0,39.40113635706582
GRW_stationary,2024-2025,2025-04-12,1,76.29968992635465
GRW_stationary,2024-2025,2025-04-12,2,80.42552868478923
GRW_stationary,2024-2025,2025-04-12,3,75.31977940115796
GRW_nonstationary,2014-2015,2014-11-15,-1,0.410317585395196
GRW_nonstationary,2014-2015,2014-11-15,0,1.3868019258747557
GRW_nonstationary,2014-2015,2014-11-15,1,7.55122938253289
GRW_nonstationary,2014-2015,2014-11-15,2,5.811828233948256
GRW_nonstationary,2014-2015,2014-11-15,3,12.743423028564445
GRW_nonstationary,2014-2015,2014-11-22,-1,0.4855325530875835
GRW_nonstationary,2014-2015,2014-11-22,0,7.438189428049412
GRW_nonstationary,2014-2015,2014-11-22,1,6.060917678014856
GRW_nonstationary,2014-2015,2014-11-22,2,13.8591877657587
GRW_nonstationary,2014-2015,2014-11-22,3,42.653412817523694
GRW_nonstationary,2014-2015,2014-11-29,-1,0.226332679616817
GRW_nonstationary,2014-2015,2014-11-29,0,20.24483872134595
GRW_nonstationary,2014-2015,2014-11-29,1,33.42476257536697
GRW_nonstationary,2014-2015,2014-11-29,2,78.85000122387217
GRW_nonstationary,2014-2015,2014-11-29,3,177.4588680683551
GRW_nonstationary,2014-2015,2014-12-06,-1,1.073991319959251
GRW_nonstationary,2014-2015,2014-12-06,0,6.224352598916719
GRW_nonstationary,2014-2015,2014-12-06,1,29.401145787498624
GRW_nonstationary,2014-2015,2014-12-06,2,79.76634856901566
GRW_nonstationary,2014-2015,2014-12-06,3,247.68273084312094
GRW_nonstationary,2014-2015,2014-12-13,-1,1.8825952532579528
GRW_nonstationary,2014-2015,2014-12-13,0,16.79444253846709
GRW_nonstationary,2014-2015,2014-12-13,1,54.95096414630151
GRW_nonstationary,2014-2015,2014-12-13,2,198.97342730531494
GRW_nonstationary,2014-2015,2014-12-13,3,254.46324100590536
GRW_nonstationary,2014-2015,2014-12-20,-1,4.772354170470699
GRW_nonstationary,2014-2015,2014-12-20,0,24.54669763509728
GRW_nonstationary,2014-2015,2014-12-20,1,120.15808150441467
GRW_nonstationary,2014-2015,2014-12-20,2,174.20420436321302
GRW_nonstationary,2014-2015,2014-12-20,3,73.7877975135805
GRW_nonstationary,2014-2015,2014-12-27,-1,11.104963460709145
GRW_nonstationary,2014-2015,2014-12-27,0,65.72788013506762
GRW_nonstationary,2014-2015,2014-12-27,1,116.01721351399728
GRW_nonstationary,2014-2015,2014-12-27,2,58.72773403679629
GRW_nonstationary,2014-2015,2014-12-27,3,93.7958093624482
GRW_nonstationary,2014-2015,2015-01-03,-1,16.9660410814488
GRW_nonstationary,2014-2015,2015-01-03,0,65.74419589036498
GRW_nonstationary,2014-2015,2015-01-03,1,63.268279974047246
GRW_nonstationary,2014-2015,2015-01-03,2,148.23982261790874
GRW_nonstationary,2014-2015,2015-01-03,3,262.6465698397635
GRW_nonstationary,2014-2015,2015-01-10,-1,20.81580025129459
GRW_nonstationary,2014-2015,2015-01-10,0,72.92045162838765
GRW_nonstationary,2014-2015,2015-01-10,1,198.33924780483412
GRW_nonstationary,2014-2015,2015-01-10,2,320.16108403284903
GRW_nonstationary,2014-2015,2015-01-10,3,522.1530918480669
GRW_nonstationary,2014-2015,2015-01-17,-1,12.755300538227306
GRW_nonstationary,2014-2015,2015-01-17,0,112.97657207612092
GRW_nonstationary,2014-2015,2015-01-17,1,207.22309961476267
GRW_nonstationary,2014-2015,2015-01-17,2,365.2658587802049
GRW_nonstationary,2014-2015,2015-01-17,3,470.5230809868332
GRW_nonstationary,2014-2015,2015-01-24,-1,8.101657279409638
GRW_nonstationary,2014-2015,2015-01-24,0,57.47989521231406
GRW_nonstationary,2014-2015,2015-01-24,1,174.26414633498172
GRW_nonstationary,2014-2015,2015-01-24,2,225.842895047186
GRW_nonstationary,2014-2015,2015-01-24,3,229.67775864908256
GRW_nonstationary,2014-2015,2015-01-31,-1,7.531346170019967
GRW_nonstationary,2014-2015,2015-01-31,0,90.72889865685305
GRW_nonstationary,2014-2015,2015-01-31,1,119.8127331260045
GRW_nonstationary,2014-2015,2015-01-31,2,121.10127667483374
GRW_nonstationary,2014-2015,2015-01-31,3,138.10646336312917
GRW_nonstationary,2014-2015,2015-02-07,-1,4.651595184064142
GRW_nonstationary,2014-2015,2015-02-07,0,16.536193180496934
GRW_nonstationary,2014-2015,2015-02-07,1,21.786324287278298
GRW_nonstationary,2014-2015,2015-02-07,2,33.26773109747308
GRW_nonstationary,2014-2015,2015-02-07,3,28.426862175232312
GRW_nonstationary,2014-2015,2015-02-14,-1,4.631393435967788
GRW_nonstationary,2014-2015,2015-02-14,0,13.164866478528841
GRW_nonstationary,2014-2015,2015-02-14,1,23.009300611514174
GRW_nonstationary,2014-2015,2015-02-14,2,20.809118385239675
GRW_nonstationary,2014-2015,2015-02-14,3,28.82605238810714
GRW_nonstationary,2014-2015,2015-02-21,-1,4.452809502521547
GRW_nonstationary,2014-2015,2015-02-21,0,17.88248955010773
GRW_nonstationary,2014-2015,2015-02-21,1,17.76870202220466
GRW_nonstationary,2014-2015,2015-02-21,2,27.208979562347512
GRW_nonstationary,2014-2015,2015-02-21,3,20.327827893764447
GRW_nonstationary,2014-2015,2015-02-28,-1,3.33220156662902
GRW_nonstationary,2014-2015,2015-02-28,0,10.036017668940538
GRW_nonstationary,2014-2015,2015-02-28,1,11.927569353774189
GRW_nonstationary,2014-2015,2015-02-28,2,10.535114873176093
GRW_nonstationary,2014-2015,2015-02-28,3,8.94418764030008
GRW_nonstationary,2014-2015,2015-03-07,-1,3.56779566801742
GRW_nonstationary,2014-2015,2015-03-07,0,13.742143410698926
GRW_nonstationary,2014-2015,2015-03-07,1,10.179307561252797
GRW_nonstationary,2014-2015,2015-03-07,2,8.66343500631173
GRW_nonstationary,2014-2015,2015-03-07,3,10.53860311758949
GRW_nonstationary,2014-2015,2015-03-14,-1,2.6895434416816633
GRW_nonstationary,2014-2015,2015-03-14,0,7.003936549883176
GRW_nonstationary,2014-2015,2015-03-14,1,6.214887385309836
GRW_nonstationary,2014-2015,2015-03-14,2,5.910963933151248
GRW_nonstationary,2014-2015,2015-03-14,3,4.880501902783228
GRW_nonstationary,2014-2015,2015-03-21,-1,2.7714715226285835
GRW_nonstationary,2014-2015,2015-03-21,0,4.549847678136129
GRW_nonstationary,2014-2015,2015-03-21,1,5.65115034477761
GRW_nonstationary,2014-2015,2015-03-21,2,4.721535041216435
GRW_nonstationary,2014-2015,2015-03-21,3,12.745149521656302
GRW_nonstationary,2014-2015,2015-03-28,-1,1.5618122423166003
GRW_nonstationary,2014-2015,2015-03-28,0,4.823612963936465
GRW_nonstationary,2014-2015,2015-03-28,1,4.036869184444314
GRW_nonstationary,2014-2015,2015-03-28,2,12.715012447908528
GRW_nonstationary,2014-2015,2015-03-28,3,3.386841621487815
GRW_nonstationary,2014-2015,2015-04-04,-1,1.3934396138659002
GRW_nonstationary,2014-2015,2015-04-04,0,2.62769629573341
GRW_nonstationary,2014-2015,2015-04-04,1,17.35156041801479
GRW_nonstationary,2014-2015,2015-04-04,2,3.981674791350892
GRW_nonstationary,2014-2015,2015-04-04,3,2.4805934456386094
GRW_nonstationary,2014-2015,2015-04-11,-1,1.1155615034504052
GRW_nonstationary,2014-2015,2015-04-11,0,18.12560637493481
GRW_nonstationary,2014-2015,2015-04-11,1,3.3793368180083356
GRW_nonstationary,2014-2015,2015-04-11,2,2.101763818454817
GRW_nonstationary,2014-2015,2015-04-11,3,3.8054409922735704
GRW_nonstationary,2015-2016,2015-11-21,-1,0.5753891403164351
GRW_nonstationary,2015-2016,2015-11-21,0,5.843467674480375
GRW_nonstationary,2015-2016,2015-11-21,1,7.892289265668059
GRW_nonstationary,2015-2016,2015-11-21,2,13.536531259455849
GRW_nonstationary,2015-2016,2015-11-21,3,27.52670247112466
GRW_nonstationary,2015-2016,2015-11-28,-1,0.40739539028798155
GRW_nonstationary,2015-2016,2015-11-28,0,1.4313880083047865
GRW_nonstationary,2015-2016,2015-11-28,1,3.5802901941399243
GRW_nonstationary,2015-2016,2015-11-28,2,9.794343163485618
GRW_nonstationary,2015-2016,2015-11-28,3,25.369685711905756
GRW_nonstationary,2015-2016,2015-12-05,-1,0.5022937383013466
GRW_nonstationary,2015-2016,2015-12-05,0,3.394431915554233
GRW_nonstationary,2015-2016,2015-12-05,1,9.602294080124182
GRW_nonstationary,2015-2016,2015-12-05,2,25.436248164614312
GRW_nonstationary,2015-2016,2015-12-05,3,50.33326556627068
GRW_nonstationary,2015-2016,2015-12-12,-1,0.5842953819396525
GRW_nonstationary,2015-2016,2015-12-12,0,4.9792570816862485
GRW_nonstationary,2015-2016,2015-12-12,1,16.37741769420152
GRW_nonstationary,2015-2016,2015-12-12,2,32.90546948089748
GRW_nonstationary,2015-2016,2015-12-12,3,26.880461581653307
GRW_nonstationary,2015-2016,2015-12-19,-1,0.6511135141098451
GRW_nonstationary,2015-2016,2015-12-19,0,7.464488634403873
GRW_nonstationary,2015-2016,2015-12-19,1,17.52059787435693
GRW_nonstationary,2015-2016,2015-12-19,2,13.584048481813713
GRW_nonstationary,2015-2016,2015-12-19,3,14.86221956061301
GRW_nonstationary,2015-2016,2015-12-26,-1,0.6852532882837914
GRW_nonstationary,2015-2016,2015-12-26,0,4.687246967743045
GRW_nonstationary,2015-2016,2015-12-26,1,3.533959821341254
GRW_nonstationary,2015-2016,2015-12-26,2,4.199128224880794
GRW_nonstationary,2015-2016,2015-12-26,3,7.678226023142263
GRW_nonstationary,2015-2016,2016-01-02,-1,0.6063738430587607
GRW_nonstationary,2015-2016,2016-01-02,0,4.738644744843065
GRW_nonstationary,2015-2016,2016-01-02,1,2.7151090815845316
GRW_nonstationary,2015-2016,2016-01-02,2,3.4387691833399665
GRW_nonstationary,2015-2016,2016-01-02,3,4.322258275749329
GRW_nonstationary,2015-2016,2016-01-09,-1,0.9136939532843379
GRW_nonstationary,2015-2016,2016-01-09,0,2.71990334344593
GRW_nonstationary,2015-2016,2016-01-09,1,6.916047708332839
GRW_nonstationary,2015-2016,2016-01-09,2,7.5435293236722405
GRW_nonstationary,2015-2016,2016-01-09,3,5.63236612896969
GRW_nonstationary,2015-2016,2016-01-16,-1,0.6671820977038503
GRW_nonstationary,2015-2016,2016-01-16,0,4.723540403478175
GRW_nonstationary,2015-2016,2016-01-16,1,5.111094283637559
GRW_nonstationary,2015-2016,2016-01-16,2,4.494415971711769
GRW_nonstationary,2015-2016,2016-01-16,3,6.361971461223168
GRW_nonstationary,2015-2016,2016-01-23,-1,0.39643764497710954
GRW_nonstationary,2015-2016,2016-01-23,0,1.1994836668306423
GRW_nonstationary,2015-2016,2016-01-23,1,7.311679503658505
GRW_nonstationary,2015-2016,2016-01-23,2,9.146629295376886
GRW_nonstationary,2015-2016,2016-01-23,3,8.307266473553678
GRW_nonstationary,2015-2016,2016-01-30,-1,0.4284067339678382
GRW_nonstationary,2015-2016,2016-01-30,0,7.714515173560611
GRW_nonstationary,2015-2016,2016-01-30,1,9.735883096760794
GRW_nonstationary,2015-2016,2016-01-30,2,8.960678499744045
GRW_nonstationary,2015-2016,2016-01-30,3,43.48764918276319
GRW_nonstationary,2015-2016,2016-02-06,-1,0.9920127927770002
GRW_nonstationary,2015-2016,2016-02-06,0,3.344320052191645
GRW_nonstationary,2015-2016,2016-02-06,1,4.118995718582515
GRW_nonstationary,2015-2016,2016-02-06,2,27.861513696099806
GRW_nonstationary,2015-2016,2016-02-06,3,92.24340286310937
GRW_nonstationary,2015-2016,2016-02-13,-1,1.1166792787205133
GRW_nonstationary,2015-2016,2016-02-13,0,3.163030062338632
GRW_nonstationary,2015-2016,2016-02-13,1,31.506171607035007
GRW_nonstationary,2015-2016,2016-02-13,2,100.57826730905524
GRW_nonstationary,2015-2016,2016-02-13,3,177.30824630790818
GRW_nonstationary,2015-2016,2016-02-20,-1,1.0900594193007256
GRW_nonstationary,2015-2016,2016-02-20,0,37.89866720035764
GRW_nonstationary,2015-2016,2016-02-20,1,107.4152026749447
GRW_nonstationary,2015-2016,2016-02-20,2,181.85103900473445
GRW_nonstationary,2015-2016,2016-02-20,3,438.8771993983718
GRW_nonstationary,2015-2016,2016-02-27,-1,2.4780401406522317
GRW_nonstationary,2015-2016,2016-02-27,0,55.79528707389547
GRW_nonstationary,2015-2016,2016-02-27,1,132.70926686150565
GRW_nonstationary,2015-2016,2016-02-27,2,388.35025775180424
GRW_nonstationary,2015-2016,2016-02-27,3,249.32923988497674
GRW_nonstationary,2015-2016,2016-03-05,-1,4.472321188031581
GRW_nonstationary,2015-2016,2016-03-05,0,61.122456924700295
GRW_nonstationary,2015-2016,2016-03-05,1,300.21141205966325
GRW_nonstationary,2015-2016,2016-03-05,2,174.18132666541484
GRW_nonstationary,2015-2016,2016-03-05,3,124.2076430019748
GRW_nonstationary,2015-2016,2016-03-12,-1,6.584111516181597
GRW_nonstationary,2015-2016,2016-03-12,0,207.99727576725837
GRW_nonstationary,2015-2016,2016-03-12,1,113.01378496239744
GRW_nonstationary,2015-2016,2016-03-12,2,76.66906667065568
GRW_nonstationary,2015-2016,2016-03-12,3,77.62386078597963
GRW_nonstationary,2015-2016,2016-03-19,-1,14.833961830394465
GRW_nonstationary,2015-2016,2016-03-19,0,33.59952169068428
GRW_nonstationary,2015-2016,2016-03-19,1,37.38847038660161
GRW_nonstationary,2015-2016,2016-03-19,2,33.829685932011884
GRW_nonstationary,2015-2016,2016-03-19,3,27.294773813920468
GRW_nonstationary,2015-2016,2016-03-26,-1,10.349561605111312
GRW_nonstationary,2015-2016,2016-03-26,0,22.055597450148834
GRW_nonstationary,2015-2016,2016-03-26,1,26.822345691285314
GRW_nonstationary,2015-2016,2016-03-26,2,21.305216191017436
GRW_nonstationary,2015-2016,2016-03-26,3,28.283055174486453
GRW_nonstationary,2015-2016,2016-04-02,-1,8.50924098092071
GRW_nonstationary,2015-2016,2016-04-02,0,23.99115273355306
GRW_nonstationary,2015-2016,2016-04-02,1,18.137091893407504
GRW_nonstationary,2015-2016,2016-04-02,2,29.82375165814484
GRW_nonstationary,2015-2016,2016-04-02,3,38.286754231455724
GRW_nonstationary,2015-2016,2016-04-09,-1,8.398938928291964
GRW_nonstationary,2015-2016,2016-04-09,0,13.662008814079323
GRW_nonstationary,2015-2016,2016-04-09,1,24.166494915622735
GRW_nonstationary,2015-2016,2016-04-09,2,34.675847271485715
GRW_nonstationary,2015-2016,2016-04-09,3,26.076147360842423
GRW_nonstationary,2016-2017,2016-11-19,-1,0.42099095174374795
GRW_nonstationary,2016-2017,2016-11-19,0,7.247675057327547
GRW_nonstationary,2016-2017,2016-11-19,1,3.5162705701659163
GRW_nonstationary,2016-2017,2016-11-19,2,6.355112493427436
GRW_nonstationary,2016-2017,2016-11-19,3,8.602319156021379
GRW_nonstationary,2016-2017,2016-11-26,-1,1.0937031494173162
GRW_nonstationary,2016-2017,2016-11-26,0,9.317017739676738
GRW_nonstationary,2016-2017,2016-11-26,1,8.477444930388012
GRW_nonstationary,2016-2017,2016-11-26,2,28.65383604627443
GRW_nonstationary,2016-2017,2016-11-26,3,42.52938737935518
GRW_nonstationary,2016-2017,2016-12-03,-1,0.9291724221205744
GRW_nonstationary,2016-2017,2016-12-03,0,3.9939785890575075
GRW_nonstationary,2016-2017,2016-12-03,1,10.506358196207808
GRW_nonstationary,2016-2017,2016-12-03,2,14.387994261455567
GRW_nonstationary,2016-2017,2016-12-03,3,27.277128891540315
GRW_nonstationary,2016-2017,2016-12-10,-1,1.5668158385670177
GRW_nonstationary,2016-2017,2016-12-10,0,20.138818265255424
GRW_nonstationary,2016-2017,2016-12-10,1,25.6043054541472
GRW_nonstationary,2016-2017,2016-12-10,2,43.6855864932918
GRW_nonstationary,2016-2017,2016-12-10,3,37.33433205270571
GRW_nonstationary,2016-2017,2016-12-17,-1,1.3217103582893097
GRW_nonstationary,2016-2017,2016-12-17,0,4.991175067044559
GRW_nonstationary,2016-2017,2016-12-17,1,13.12119538039895
GRW_nonstationary,2016-2017,2016-12-17,2,35.45946083280336
GRW_nonstationary,2016-2017,2016-12-17,3,41.47860156872871
GRW_nonstationary,2016-2017,2016-12-24,-1,2.652337376531806
GRW_nonstationary,2016-2017,2016-12-24,0,10.070858500188686
GRW_nonstationary,2016-2017,2016-12-24,1,23.289736243824493
GRW_nonstationary,2016-2017,2016-12-24,2,31.217240103082563
GRW_nonstationary,2016-2017,2016-12-24,3,33.96492679585892
GRW_nonstationary,2016-2017,2016-12-31,-1,3.658099046145564
GRW_nonstationary,2016-2017,2016-12-31,0,22.290513348987414
GRW_nonstationary,2016-2017,2016-12-31,1,30.134041839349205
GRW_nonstationary,2016-2017,2016-12-31,2,32.35241176590815
GRW_nonstationary,2016-2017,2016-12-31,3,31.997000749758463
GRW_nonstationary,2016-2017,2017-01-07,-1,5.398917004834328
GRW_nonstationary,2016-2017,2017-01-07,0,17.935192694517244
GRW_nonstationary,2016-2017,2017-01-07,1,21.56357852279707
GRW_nonstationary,2016-2017,2017-01-07,2,25.80546298388199
GRW_nonstationary,2016-2017,2017-01-07,3,28.096029862568564
GRW_nonstationary,2016-2017,2017-01-14,-1,5.076786635271453
GRW_nonstationary,2016-2017,2017-01-14,0,14.327929712225979
GRW_nonstationary,2016-2017,2017-01-14,1,21.73552238733963
GRW_nonstationary,2016-2017,2017-01-14,2,36.000175281444534
GRW_nonstationary,2016-2017,2017-01-14,3,44.4166336498441
GRW_nonstationary,2016-2017,2017-01-21,-1,5.188040901563437
GRW_nonstationary,2016-2017,2017-01-21,0,17.867597598415454
GRW_nonstationary,2016-2017,2017-01-21,1,39.27551081915545
GRW_nonstationary,2016-2017,2017-01-21,2,43.1560904033172
GRW_nonstationary,2016-2017,2017-01-21,3,126.11344037077639
GRW_nonstationary,2016-2017,2017-01-28,-1,5.723216464415631
GRW_nonstationary,2016-2017,2017-01-28,0,28.769089927469334
GRW_nonstationary,2016-2017,2017-01-28,1,32.8250495948137
GRW_nonstationary,2016-2017,2017-01-28,2,139.74080809350224
GRW_nonstationary,2016-2017,2017-01-28,3,278.0893405491065
GRW_nonstationary,2016-2017,2017-02-04,-1,5.381857486352343
GRW_nonstationary,2016-2017,2017-02-04,0,22.085445370204422
GRW_nonstationary,2016-2017,2017-02-04,1,191.86487147443893
GRW_nonstationary,2016-2017,2017-02-04,2,352.99705960893306
GRW_nonstationary,2016-2017,2017-02-04,3,474.76729641180026
GRW_nonstationary,2016-2017,2017-02-11,-1,7.023320996975215
GRW_nonstationary,2016-2017,2017-02-11,0,190.02826578816988
GRW_nonstationary,2016-2017,2017-02-11,1,352.9696479364933
GRW_nonstationary,2016-2017,2017-02-11,2,474.4410219876278
GRW_nonstationary,2016-2017,2017-02-11,3,279.17224120922236
GRW_nonstationary,2016-2017,2017-02-18,-1,14.335164655787647
GRW_nonstationary,2016-2017,2017-02-18,0,116.4602753155919
GRW_nonstationary,2016-2017,2017-02-18,1,213.12529328217846
GRW_nonstationary,2016-2017,2017-02-18,2,111.38131172647
GRW_nonstationary,2016-2017,2017-02-18,3,95.41823977088724
GRW_nonstationary,2016-2017,2017-02-25,-1,19.35550325376468
GRW_nonstationary,2016-2017,2017-02-25,0,97.56108265198036
GRW_nonstationary,2016-2017,2017-02-25,1,70.4156615986504
GRW_nonstationary,2016-2017,2017-02-25,2,80.3783668598757
GRW_nonstationary,2016-2017,2017-02-25,3,74.10993830123789
GRW_nonstationary,2016-2017,2017-03-04,-1,25.377326317511884
GRW_nonstationary,2016-2017,2017-03-04,0,76.25814092984426
GRW_nonstationary,2016-2017,2017-03-04,1,104.62266695425605
GRW_nonstationary,2016-2017,2017-03-04,2,79.38334768111433
GRW_nonstationary,2016-2017,2017-03-04,3,88.40603944549346
GRW_nonstationary,2016-2017,2017-03-11,-1,17.575742960505725
GRW_nonstationary,2016-2017,2017-03-11,0,56.10509746090665
GRW_nonstationary,2016-2017,2017-03-11,1,53.75422364073685
GRW_nonstationary,2016-2017,2017-03-11,2,100.83273459531675
GRW_nonstationary,2016-2017,2017-03-11,3,109.36280654328756
GRW_nonstationary,2016-2017,2017-03-18,-1,17.20473181103451
GRW_nonstationary,2016-2017,2017-03-18,0,50.62159315605816
GRW_nonstationary,2016-2017,2017-03-18,1,124.12017295509158
GRW_nonstationary,2016-2017,2017-03-18,2,131.9989507771968
GRW_nonstationary,2016-2017,2017-03-18,3,37.337328687746385
GRW_nonstationary,2016-2017,2017-03-25,-1,15.563115523559464
GRW_nonstationary,2016-2017,2017-03-25,0,94.30850039565853
GRW_nonstationary,2016-2017,2017-03-25,1,97.85158887216241
GRW_nonstationary,2016-2017,2017-03-25,2,30.36414912332813
GRW_nonstationary,2016-2017,2017-03-25,3,20.52037968436792
GRW_nonstationary,2016-2017,2017-04-01,-1,15.849874050654908
GRW_nonstationary,2016-2017,2017-04-01,0,45.02443771026023
GRW_nonstationary,2016-2017,2017-04-01,1,44.38622047057966
GRW_nonstationary,2016-2017,2017-04-01,2,36.61046644463596
GRW_nonstationary,2016-2017,2017-04-01,3,50.20162462584192
GRW_nonstationary,2016-2017,2017-04-08,-1,16.299166739735202
GRW_nonstationary,2016-2017,2017-04-08,0,56.36027504693979
GRW_nonstationary,2016-2017,2017-04-08,1,44.05815049494064
GRW_nonstationary,2016-2017,2017-04-08,2,61.09131892396605
GRW_nonstationary,2016-2017,2017-04-08,3,68.37487383910496
GRW_nonstationary,2017-2018,2017-11-18,-1,1.0180483062581822
GRW_nonstationary,2017-2018,2017-11-18,0,4.169325419158618
GRW_nonstationary,2017-2018,2017-11-18,1,6.700579691538688
GRW_nonstationary,2017-2018,2017-11-18,2,10.966931668970807
GRW_nonstationary,2017-2018,2017-11-18,3,18.18275243814769
GRW_nonstationary,2017-2018,2017-11-25,-1,1.735286795837799
GRW_nonstationary,2017-2018,2017-11-25,0,8.82015883693014
GRW_nonstationary,2017-2018,2017-11-25,1,11.442706655506337
GRW_nonstationary,2017-2018,2017-11-25,2,23.858988292718006
GRW_nonstationary,2017-2018,2017-11-25,3,50.28302874984017
GRW_nonstationary,2017-2018,2017-12-02,-1,1.6579057833702333
GRW_nonstationary,2017-2018,2017-12-02,0,6.350824531643689
GRW_nonstationary,2017-2018,2017-12-02,1,12.282969262943228
GRW_nonstationary,2017-2018,2017-12-02,2,31.54196886533694
GRW_nonstationary,2017-2018,2017-12-02,3,46.80221878887159
GRW_nonstationary,2017-2018,2017-12-09,-1,2.8116391562605907
GRW_nonstationary,2017-2018,2017-12-09,0,16.622667219733444
GRW_nonstationary,2017-2018,2017-12-09,1,42.13505133388033
GRW_nonstationary,2017-2018,2017-12-09,2,55.23443227546301
GRW_nonstationary,2017-2018,2017-12-09,3,66.43890207621483
GRW_nonstationary,2017-2018,2017-12-16,-1,3.312102726587955
GRW_nonstationary,2017-2018,2017-12-16,0,19.36644530037285
GRW_nonstationary,2017-2018,2017-12-16,1,28.007328867387727
GRW_nonstationary,2017-2018,2017-12-16,2,62.14652872592802
GRW_nonstationary,2017-2018,2017-12-16,3,142.5636991025673
GRW_nonstationary,2017-2018,2017-12-23,-1,5.0852232343302
GRW_nonstationary,2017-2018,2017-12-23,0,25.973075539480664
GRW_nonstationary,2017-2018,2017-12-23,1,75.88299323508868
GRW_nonstationary,2017-2018,2017-12-23,2,177.76543822349836
GRW_nonstationary,2017-2018,2017-12-23,3,404.3474462642296
GRW_nonstationary,2017-2018,2017-12-30,-1,7.770267421086257
GRW_nonstationary,2017-2018,2017-12-30,0,51.111283765569695
GRW_nonstationary,2017-2018,2017-12-30,1,151.70245442787376
GRW_nonstationary,2017-2018,2017-12-30,2,365.5690577455893
GRW_nonstationary,2017-2018,2017-12-30,3,431.0017776067458
GRW_nonstationary,2017-2018,2018-01-06,-1,12.155718251653465
GRW_nonstationary,2017-2018,2018-01-06,0,110.98110069114315
GRW_nonstationary,2017-2018,2018-01-06,1,322.42958808047996
GRW_nonstationary,2017-2018,2018-01-06,2,378.28145558928054
GRW_nonstationary,2017-2018,2018-01-06,3,333.3467533013544
GRW_nonstationary,2017-2018,2018-01-13,-1,14.800782273159054
GRW_nonstationary,2017-2018,2018-01-13,0,183.68733698612434
GRW_nonstationary,2017-2018,2018-01-13,1,210.58035215382
GRW_nonstationary,2017-2018,2018-01-13,2,175.15759716607064
GRW_nonstationary,2017-2018,2018-01-13,3,193.13329251571335
GRW_nonstationary,2017-2018,2018-01-20,-1,23.301295337316073
GRW_nonstationary,2017-2018,2018-01-20,0,79.03520787809106
GRW_nonstationary,2017-2018,2018-01-20,1,138.50845280021403
GRW_nonstationary,2017-2018,2018-01-20,2,220.4163726750225
GRW_nonstationary,2017-2018,2018-01-20,3,231.22775830425536
GRW_nonstationary,2017-2018,2018-01-27,-1,26.98454809847935
GRW_nonstationary,2017-2018,2018-01-27,0,115.0568773439446
GRW_nonstationary,2017-2018,2018-01-27,1,199.54067801678985
GRW_nonstationary,2017-2018,2018-01-27,2,203.28294196282528
GRW_nonstationary,2017-2018,2018-01-27,3,275.09641321739565
GRW_nonstationary,2017-2018,2018-02-03,-1,29.483205163753826
GRW_nonstationary,2017-2018,2018-02-03,0,101.51203190583654
GRW_nonstationary,2017-2018,2018-02-03,1,142.81079797598653
GRW_nonstationary,2017-2018,2018-02-03,2,191.11120866684632
GRW_nonstationary,2017-2018,2018-02-03,3,393.38156432026756
GRW_nonstationary,2017-2018,2018-02-10,-1,32.00854551590465
GRW_nonstationary,2017-2018,2018-02-10,0,108.90625225500986
GRW_nonstationary,2017-2018,2018-02-10,1,125.96755621154904
GRW_nonstationary,2017-2018,2018-02-10,2,312.13393551129644
GRW_nonstationary,2017-2018,2018-02-10,3,393.94003580306406
GRW_nonstationary,2017-2018,2018-02-17,-1,36.41166006031056
GRW_nonstationary,2017-2018,2018-02-17,0,141.26907216819123
GRW_nonstationary,2017-2018,2018-02-17,1,438.7520286154985
GRW_nonstationary,2017-2018,2018-02-17,2,489.96547792629934
GRW_nonstationary,2017-2018,2018-02-17,3,530.0839676608763
GRW_nonstationary,2017-2018,2018-02-24,-1,31.565584055923225
GRW_nonstationary,2017-2018,2018-02-24,0,326.41670331584584
GRW_nonstationary,2017-2018,2018-02-24,1,400.5441401730123
GRW_nonstationary,2017-2018,2018-02-24,2,445.4014840785885
GRW_nonstationary,2017-2018,2018-02-24,3,260.8721231607076
GRW_nonstationary,2017-2018,2018-03-03,-1,17.394575301488644
GRW_nonstationary,2017-2018,2018-03-03,0,85.0260594833752
GRW_nonstationary,2017-2018,2018-03-03,1,123.77595458440096
GRW_nonstationary,2017-2018,2018-03-03,2,57.04945596713995
GRW_nonstationary,2017-2018,2018-03-03,3,46.778973429994174
GRW_nonstationary,2017-2018,2018-03-10,-1,9.105416604294453
GRW_nonstationary,2017-2018,2018-03-10,0,43.385566582730085
GRW_nonstationary,2017-2018,2018-03-10,1,28.33043497804139
GRW_nonstationary,2017-2018,2018-03-10,2,38.691403731959284
GRW_nonstationary,2017-2018,2018-03-10,3,52.863652418132595
GRW_nonstationary,2017-2018,2018-03-17,-1,7.824504776954929
GRW_nonstationary,2017-2018,2018-03-17,0,41.64738574610346
GRW_nonstationary,2017-2018,2018-03-17,1,59.95039091991898
GRW_nonstationary,2017-2018,2018-03-17,2,78.8806098123818
GRW_nonstationary,2017-2018,2018-03-17,3,71.41627576185024
GRW_nonstationary,2017-2018,2018-03-24,-1,7.7200709677204165
GRW_nonstationary,2017-2018,2018-03-24,0,28.14251556845357
GRW_nonstationary,2017-2018,2018-03-24,1,49.007635018946814
GRW_nonstationary,2017-2018,2018-03-24,2,49.43714535077299
GRW_nonstationary,2017-2018,2018-03-24,3,25.489886381104842
GRW_nonstationary,2017-2018,2018-03-31,-1,7.0002548116235035
GRW_nonstationary,2017-2018,2018-03-31,0,29.5881266605227
GRW_nonstationary,2017-2018,2018-03-31,1,36.22741614017042
GRW_nonstationary,2017-2018,2018-03-31,2,19.177922663091483
GRW_nonstationary,2017-2018,2018-03-31,3,14.004419862633648
GRW_nonstationary,2017-2018,2018-04-07,-1,8.193079977825096
GRW_nonstationary,2017-2018,2018-04-07,0,21.459899893571748
GRW_nonstationary,2017-2018,2018-04-07,1,13.249958587644231
GRW_nonstationary,2017-2018,2018-04-07,2,12.2039110515643
GRW_nonstationary,2017-2018,2018-04-07,3,11.054023365348213
GRW_nonstationary,2017-2018,2018-04-14,-1,8.647460847497399
GRW_nonstationary,2017-2018,2018-04-14,0,9.036297705812926
GRW_nonstationary,2017-2018,2018-04-14,1,11.081756578017334
GRW_nonstationary,2017-2018,2018-04-14,2,11.206884936002433
GRW_nonstationary,2017-2018,2018-04-14,3,10.474775102600843
GRW_nonstationary,2018-2019,2018-11-17,-1,1.2868960084580092
GRW_nonstationary,2018-2019,2018-11-17,0,7.831923134938214
GRW_nonstationary,2018-2019,2018-11-17,1,8.739324121214263
GRW_nonstationary,2018-2019,2018-11-17,2,18.383707653725807
GRW_nonstationary,2018-2019,2018-11-17,3,33.958081314206076
GRW_nonstationary,2018-2019,2018-11-24,-1,1.2519604228964916
GRW_nonstationary,2018-2019,2018-11-24,0,5.093093779403193
GRW_nonstationary,2018-2019,2018-11-24,1,7.756844127597561
GRW_nonstationary,2018-2019,2018-11-24,2,16.442308739603806
GRW_nonstationary,2018-2019,2018-11-24,3,29.193232084303574
GRW_nonstationary,2018-2019,2018-12-01,-1,2.019963877071137
GRW_nonstationary,2018-2019,2018-12-01,0,10.383483544171964
GRW_nonstationary,2018-2019,2018-12-01,1,23.169327865742584
GRW_nonstationary,2018-2019,2018-12-01,2,37.0783583923451
GRW_nonstationary,2018-2019,2018-12-01,3,91.80716554791687
GRW_nonstationary,2018-2019,2018-12-08,-1,2.110997566173039
GRW_nonstationary,2018-2019,2018-12-08,0,11.638631409675536
GRW_nonstationary,2018-2019,2018-12-08,1,21.82423432343217
GRW_nonstationary,2018-2019,2018-12-08,2,63.24364742559952
GRW_nonstationary,2018-2019,2018-12-08,3,75.34516381692387
GRW_nonstationary,2018-2019,2018-12-15,-1,2.4217704398744413
GRW_nonstationary,2018-2019,2018-12-15,0,9.106942087903272
GRW_nonstationary,2018-2019,2018-12-15,1,32.10235645095223
GRW_nonstationary,2018-2019,2018-12-15,2,39.74960712787236
GRW_nonstationary,2018-2019,2018-12-15,3,37.57206231199118
GRW_nonstationary,2018-2019,2018-12-22,-1,4.269522249660135
GRW_nonstationary,2018-2019,2018-12-22,0,25.59131924383979
GRW_nonstationary,2018-2019,2018-12-22,1,30.077109821474334
GRW_nonstationary,2018-2019,2018-12-22,2,31.440629404411094
GRW_nonstationary,2018-2019,2018-12-22,3,31.125661114721126
GRW_nonstationary,2018-2019,2018-12-29,-1,4.9340320882549396
GRW_nonstationary,2018-2019,2018-12-29,0,22.174923299475996
GRW_nonstationary,2018-2019,2018-12-29,1,34.40500160677073
GRW_nonstationary,2018-2019,2018-12-29,2,26.725211154436934
GRW_nonstationary,2018-2019,2018-12-29,3,43.90874143860944
GRW_nonstationary,2018-2019,2019-01-05,-1,6.883011041494684
GRW_nonstationary,2018-2019,2019-01-05,0,24.218678686323734
GRW_nonstationary,2018-2019,2019-01-05,1,20.492549718877505
GRW_nonstationary,2018-2019,2019-01-05,2,35.11492988800802
GRW_nonstationary,2018-2019,2019-01-05,3,78.17034801911734
GRW_nonstationary,2018-2019,2019-01-12,-1,6.483989977170164
GRW_nonstationary,2018-2019,2019-01-12,0,18.14549437365067
GRW_nonstationary,2018-2019,2019-01-12,1,28.06110484502698
GRW_nonstationary,2018-2019,2019-01-12,2,62.82578994894022
GRW_nonstationary,2018-2019,2019-01-12,3,156.1773014404801
GRW_nonstationary,2018-2019,2019-01-19,-1,5.472674019849643
GRW_nonstationary,2018-2019,2019-01-19,0,23.094532290924384
GRW_nonstationary,2018-2019,2019-01-19,1,69.6901158367332
GRW_nonstationary,2018-2019,2019-01-19,2,177.14358094916233
GRW_nonstationary,2018-2019,2019-01-19,3,444.7050966364472
GRW_nonstationary,2018-2019,2019-01-26,-1,7.514723650326246
GRW_nonstationary,2018-2019,2019-01-26,0,43.913115489487026
GRW_nonstationary,2018-2019,2019-01-26,1,143.29121226317855
GRW_nonstationary,2018-2019,2019-01-26,2,399.6412798483268
GRW_nonstationary,2018-2019,2019-01-26,3,271.900864947456
GRW_nonstationary,2018-2019,2019-02-02,-1,10.873171979440244
GRW_nonstationary,2018-2019,2019-02-02,0,81.37279851483356
GRW_nonstationary,2018-2019,2019-02-02,1,297.8222144581971
GRW_nonstationary,2018-2019,2019-02-02,2,199.57849881648977
GRW_nonstationary,2018-2019,2019-02-02,3,135.92783525866906
GRW_nonstationary,2018-2019,2019-02-09,-1,17.270539043287496
GRW_nonstationary,2018-2019,2019-02-09,0,200.49761995305087
GRW_nonstationary,2018-2019,2019-02-09,1,117.63772875221382
GRW_nonstationary,2018-2019,2019-02-09,2,96.85034240714127
GRW_nonstationary,2018-2019,2019-02-09,3,99.59428143138051
GRW_nonstationary,2018-2019,2019-02-16,-1,29.971345911483333
GRW_nonstationary,2018-2019,2019-02-16,0,106.43866701812992
GRW_nonstationary,2018-2019,2019-02-16,1,183.5903334266146
GRW_nonstationary,2018-2019,2019-02-16,2,158.21805207248173
GRW_nonstationary,2018-2019,2019-02-16,3,202.18662827030067
GRW_nonstationary,2018-2019,2019-02-23,-1,24.498654031423186
GRW_nonstationary,2018-2019,2019-02-23,0,102.44127571839667
GRW_nonstationary,2018-2019,2019-02-23,1,95.16218848785725
GRW_nonstationary,2018-2019,2019-02-23,2,149.4664863960037
GRW_nonstationary,2018-2019,2019-02-23,3,98.02635797862621
GRW_nonstationary,2018-2019,2019-03-02,-1,21.189012843740056
GRW_nonstationary,2018-2019,2019-03-02,0,57.88592385078556
GRW_nonstationary,2018-2019,2019-03-02,1,68.3919115841616
GRW_nonstationary,2018-2019,2019-03-02,2,64.6766167264205
GRW_nonstationary,2018-2019,2019-03-02,3,54.1141893444445
GRW_nonstationary,2018-2019,2019-03-09,-1,20.04570717229974
GRW_nonstationary,2018-2019,2019-03-09,0,71.47310649510396
GRW_nonstationary,2018-2019,2019-03-09,1,50.516355123067626
GRW_nonstationary,2018-2019,2019-03-09,2,52.948276368788314
GRW_nonstationary,2018-2019,2019-03-09,3,48.38979994030748
GRW_nonstationary,2018-2019,2019-03-16,-1,13.636214684151273
GRW_nonstationary,2018-2019,2019-03-16,0,54.41101783177502
GRW_nonstationary,2018-2019,2019-03-16,1,32.357658118791726
GRW_nonstationary,2018-2019,2019-03-16,2,41.74361482394671
GRW_nonstationary,2018-2019,2019-03-16,3,61.29040385131792
GRW_nonstationary,2018-2019,2019-03-23,-1,14.770831696713088
GRW_nonstationary,2018-2019,2019-03-23,0,30.215161336356793
GRW_nonstationary,2018-2019,2019-03-23,1,31.771377142620384
GRW_nonstationary,2018-2019,2019-03-23,2,47.70391661100202
GRW_nonstationary,2018-2019,2019-03-23,3,37.8775514152986
GRW_nonstationary,2018-2019,2019-03-30,-1,8.968431760867196
GRW_nonstationary,2018-2019,2019-03-30,0,29.460857674488263
GRW_nonstationary,2018-2019,2019-03-30,1,51.94949320834877
GRW_nonstationary,2018-2019,2019-03-30,2,41.80241611451309
GRW_nonstationary,2018-2019,2019-03-30,3,16.37110243653365
GRW_nonstationary,2018-2019,2019-04-06,-1,9.504951122235362
GRW_nonstationary,2018-2019,2019-04-06,0,41.52989786425246
GRW_nonstationary,2018-2019,2019-04-06,1,37.02785079045803
GRW_nonstationary,2018-2019,2019-04-06,2,14.824308964255133
GRW_nonstationary,2018-2019,2019-04-06,3,17.20462128471696
GRW_nonstationary,2018-2019,2019-04-13,-1,11.37143077128239
GRW_nonstationary,2018-2019,2019-04-13,0,18.706642868352514
GRW_nonstationary,2018-2019,2019-04-13,1,22.153082895802918
GRW_nonstationary,2018-2019,2019-04-13,2,34.86135876711145
GRW_nonstationary,2018-2019,2019-04-13,3,24.681824975291097
GRW_nonstationary,2019-2020,2019-11-16,-1,0.962509443853029
GRW_nonstationary,2019-2020,2019-11-16,0,8.792085535232975
GRW_nonstationary,2019-2020,2019-11-16,1,6.464119384963922
GRW_nonstationary,2019-2020,2019-11-16,2,12.08193562989733
GRW_nonstationary,2019-2020,2019-11-16,3,15.328907933787322
GRW_nonstationary,2019-2020,2019-11-23,-1,1.9022991048755404
GRW_nonstationary,2019-2020,2019-11-23,0,17.41307761848857
GRW_nonstationary,2019-2020,2019-11-23,1,15.624502212837742
GRW_nonstationary,2019-2020,2019-11-23,2,27.916935274863757
GRW_nonstationary,2019-2020,2019-11-23,3,40.07455488468541
GRW_nonstationary,2019-2020,2019-11-30,-1,1.669426167273207
GRW_nonstationary,2019-2020,2019-11-30,0,7.85972708612411
GRW_nonstationary,2019-2020,2019-11-30,1,10.388343261428881
GRW_nonstationary,2019-2020,2019-11-30,2,19.328716121371922
GRW_nonstationary,2019-2020,2019-11-30,3,50.35908864502999
GRW_nonstationary,2019-2020,2019-12-07,-1,2.9808682662569015
GRW_nonstationary,2019-2020,2019-12-07,0,11.249952512983985
GRW_nonstationary,2019-2020,2019-12-07,1,19.993437942958227
GRW_nonstationary,2019-2020,2019-12-07,2,70.80078736604466
GRW_nonstationary,2019-2020,2019-12-07,3,82.23597609139685
GRW_nonstationary,2019-2020,2019-12-14,-1,3.5826692258505366
GRW_nonstationary,2019-2020,2019-12-14,0,11.950081014338714
GRW_nonstationary,2019-2020,2019-12-14,1,46.64821841575331
GRW_nonstationary,2019-2020,2019-12-14,2,58.54255126545845
GRW_nonstationary,2019-2020,2019-12-14,3,79.36645776023559
GRW_nonstationary,2019-2020,2019-12-21,-1,7.223319706192529
GRW_nonstationary,2019-2020,2019-12-21,0,64.8479371971492
GRW_nonstationary,2019-2020,2019-12-21,1,63.841141135793556
GRW_nonstationary,2019-2020,2019-12-21,2,69.57020746700113
GRW_nonstationary,2019-2020,2019-12-21,3,60.00776421725575
GRW_nonstationary,2019-2020,2019-12-28,-1,6.920155047993499
GRW_nonstationary,2019-2020,2019-12-28,0,43.47210182216932
GRW_nonstationary,2019-2020,2019-12-28,1,131.6633601676312
GRW_nonstationary,2019-2020,2019-12-28,2,65.89264684323707
GRW_nonstationary,2019-2020,2019-12-28,3,56.26916730477193
GRW_nonstationary,2019-2020,2020-01-04,-1,11.222428029210848
GRW_nonstationary,2019-2020,2020-01-04,0,90.0008739883567
GRW_nonstationary,2019-2020,2020-01-04,1,44.04017408921342
GRW_nonstationary,2019-2020,2020-01-04,2,44.72303464898017
GRW_nonstationary,2019-2020,2020-01-04,3,68.38550167351691
GRW_nonstationary,2019-2020,2020-01-11,-1,14.41992525995605
GRW_nonstationary,2019-2020,2020-01-11,0,44.888372492186825
GRW_nonstationary,2019-2020,2020-01-11,1,72.06430668357989
GRW_nonstationary,2019-2020,2020-01-11,2,83.10920568766215
GRW_nonstationary,2019-2020,2020-01-11,3,105.15785181177793
GRW_nonstationary,2019-2020,2020-01-18,-1,10.648837118200202
GRW_nonstationary,2019-2020,2020-01-18,0,38.13316880375959
GRW_nonstationary,2019-2020,2020-01-18,1,47.49993081536215
GRW_nonstationary,2019-2020,2020-01-18,2,82.57564806256129
GRW_nonstationary,2019-2020,2020-01-18,3,135.46751641138746
GRW_nonstationary,2019-2020,2020-01-25,-1,9.918931634452184
GRW_nonstationary,2019-2020,2020-01-25,0,36.173764504806435
GRW_nonstationary,2019-2020,2020-01-25,1,82.36566962463395
GRW_nonstationary,2019-2020,2020-01-25,2,146.41378244643624
GRW_nonstationary,2019-2020,2020-01-25,3,98.03906737375874
GRW_nonstationary,2019-2020,2020-02-01,-1,13.637824672819761
GRW_nonstationary,2019-2020,2020-02-01,0,58.89179808063609
GRW_nonstationary,2019-2020,2020-02-01,1,112.82517890041508
GRW_nonstationary,2019-2020,2020-02-01,2,92.49392444306001
GRW_nonstationary,2019-2020,2020-02-01,3,104.22521500063861
GRW_nonstationary,2019-2020,2020-02-08,-1,17.81774501885929
GRW_nonstationary,2019-2020,2020-02-08,0,69.60716652192924
GRW_nonstationary,2019-2020,2020-02-08,1,94.51637695846581
GRW_nonstationary,2019-2020,2020-02-08,2,120.32342108791295
GRW_nonstationary,2019-2020,2020-02-08,3,105.38427389791231
GRW_nonstationary,2019-2020,2020-02-15,-1,24.31648284353637
GRW_nonstationary,2019-2020,2020-02-15,0,112.10509892460136
GRW_nonstationary,2019-2020,2020-02-15,1,145.11485402056786
GRW_nonstationary,2019-2020,2020-02-15,2,113.25550858875818
GRW_nonstationary,2019-2020,2020-02-15,3,118.03610699257182
GRW_nonstationary,2019-2020,2020-02-22,-1,17.20614232503681
GRW_nonstationary,2019-2020,2020-02-22,0,53.8675196151222
GRW_nonstationary,2019-2020,2020-02-22,1,65.33953209268986
GRW_nonstationary,2019-2020,2020-02-22,2,74.1179965345276
GRW_nonstationary,2019-2020,2020-02-22,3,68.16205312382672
GRW_nonstationary,2019-2020,2020-02-29,-1,16.36803141177227
GRW_nonstationary,2019-2020,2020-02-29,0,46.44825638555682
GRW_nonstationary,2019-2020,2020-02-29,1,59.40068687088984
GRW_nonstationary,2019-2020,2020-02-29,2,58.75526397051145
GRW_nonstationary,2019-2020,2020-02-29,3,48.60513975258818
GRW_nonstationary,2019-2020,2020-03-07,-1,15.273094018402503
GRW_nonstationary,2019-2020,2020-03-07,0,42.61898829004262
GRW_nonstationary,2019-2020,2020-03-07,1,47.1990849131868
GRW_nonstationary,2019-2020,2020-03-07,2,53.78907777598521
GRW_nonstationary,2019-2020,2020-03-07,3,134.12631709347926
GRW_nonstationary,2019-2020,2020-03-14,-1,15.363411022935775
GRW_nonstationary,2019-2020,2020-03-14,0,35.93412412233475
GRW_nonstationary,2019-2020,2020-03-14,1,56.446852139588884
GRW_nonstationary,2019-2020,2020-03-14,2,149.10506052565697
GRW_nonstationary,2019-2020,2020-03-14,3,125.75389796259405
GRW_nonstationary,2019-2020,2020-03-21,-1,13.067512949933727
GRW_nonstationary,2019-2020,2020-03-21,0,53.35166873993861
GRW_nonstationary,2019-2020,2020-03-21,1,155.49583010897464
GRW_nonstationary,2019-2020,2020-03-21,2,128.5037230011659
GRW_nonstationary,2019-2020,2020-03-21,3,86.55633195255665
GRW_nonstationary,2019-2020,2020-03-28,-1,7.228176369804428
GRW_nonstationary,2019-2020,2020-03-28,0,98.81049435151616
GRW_nonstationary,2019-2020,2020-03-28,1,83.39930984765255
GRW_nonstationary,2019-2020,2020-03-28,2,57.878054753600786
GRW_nonstationary,2019-2020,2020-03-28,3,39.44348814480828
GRW_nonstationary,2019-2020,2020-04-04,-1,2.0443019593971448
GRW_nonstationary,2019-2020,2020-04-04,0,4.792905927325445
GRW_nonstationary,2019-2020,2020-04-04,1,6.0574679201705175
GRW_nonstationary,2019-2020,2020-04-04,2,4.8343168669850005
GRW_nonstationary,2019-2020,2020-04-04,3,3.048792837520536
GRW_nonstationary,2019-2020,2020-04-11,-1,1.6412873518417208
GRW_nonstationary,2019-2020,2020-04-11,0,3.430239258807094
GRW_nonstationary,2019-2020,2020-04-11,1,3.219949921567882
GRW_nonstationary,2019-2020,2020-04-11,2,2.4168259717098883
GRW_nonstationary,2019-2020,2020-04-11,3,6.33652449359878
GRW_nonstationary,2023-2024,2023-11-18,-1,4.3306303486974
GRW_nonstationary,2023-2024,2023-11-18,0,16.67307934654302
GRW_nonstationary,2023-2024,2023-11-18,1,31.788773867139426
GRW_nonstationary,2023-2024,2023-11-18,2,52.34940814891287
GRW_nonstationary,2023-2024,2023-11-18,3,100.0857479036876
GRW_nonstationary,2023-2024,2023-11-25,-1,6.731714332298417
GRW_nonstationary,2023-2024,2023-11-25,0,23.669345451145457
GRW_nonstationary,2023-2024,2023-11-25,1,39.69217119875834
GRW_nonstationary,2023-2024,2023-11-25,2,75.01767815073023
GRW_nonstationary,2023-2024,2023-11-25,3,124.48074988286066
GRW_nonstationary,2023-2024,2023-12-02,-1,7.629848609070788
GRW_nonstationary,2023-2024,2023-12-02,0,27.746071115792752
GRW_nonstationary,2023-2024,2023-12-02,1,65.77485072763086
GRW_nonstationary,2023-2024,2023-12-02,2,104.16407959421738
GRW_nonstationary,2023-2024,2023-12-02,3,214.41647060456972
GRW_nonstationary,2023-2024,2023-12-09,-1,11.679745273417252
GRW_nonstationary,2023-2024,2023-12-09,0,46.17289135775544
GRW_nonstationary,2023-2024,2023-12-09,1,92.55767902415288
GRW_nonstationary,2023-2024,2023-12-09,2,202.77818690400812
GRW_nonstationary,2023-2024,2023-12-09,3,321.33546563924784
GRW_nonstationary,2023-2024,2023-12-16,-1,23.329630787864495
GRW_nonstationary,2023-2024,2023-12-16,0,105.20760033204675
GRW_nonstationary,2023-2024,2023-12-16,1,268.6945956694846
GRW_nonstationary,2023-2024,2023-12-16,2,372.61524173130255
GRW_nonstationary,2023-2024,2023-12-16,3,439.5769970225168
GRW_nonstationary,2023-2024,2023-12-23,-1,38.9681654825532
GRW_nonstationary,2023-2024,2023-12-23,0,146.94716315690252
GRW_nonstationary,2023-2024,2023-12-23,1,235.48516338034798
GRW_nonstationary,2023-2024,2023-12-23,2,321.345798462026
GRW_nonstationary,2023-2024,2023-12-23,3,464.87588071837354
GRW_nonstationary,2023-2024,2023-12-30,-1,45.56121752581003
GRW_nonstationary,2023-2024,2023-12-30,0,153.98740437890075
GRW_nonstationary,2023-2024,2023-12-30,1,242.44607854152525
GRW_nonstationary,2023-2024,2023-12-30,2,410.23298558153937
GRW_nonstationary,2023-2024,2023-12-30,3,789.3872072889188
GRW_nonstationary,2023-2024,2024-01-06,-1,56.2461073025188
GRW_nonstationary,2023-2024,2024-01-06,0,220.93581074305524
GRW_nonstationary,2023-2024,2024-01-06,1,389.9359486186095
GRW_nonstationary,2023-2024,2024-01-06,2,726.3128934964071
GRW_nonstationary,2023-2024,2024-01-06,3,1039.192039822575
GRW_nonstationary,2023-2024,2024-01-13,-1,35.791418439130844
GRW_nonstationary,2023-2024,2024-01-13,0,171.520484635094
GRW_nonstationary,2023-2024,2024-01-13,1,479.85651019035765
GRW_nonstationary,2023-2024,2024-01-13,2,708.733576420229
GRW_nonstationary,2023-2024,2024-01-13,3,1100.0951925176037
GRW_nonstationary,2023-2024,2024-01-20,-1,24.686718448818098
GRW_nonstationary,2023-2024,2024-01-20,0,228.19345208874853
GRW_nonstationary,2023-2024,2024-01-20,1,409.6315999825828
GRW_nonstationary,2023-2024,2024-01-20,2,710.1332563722553
GRW_nonstationary,2023-2024,2024-01-20,3,725.3141389795762
GRW_nonstationary,2023-2024,2024-01-27,-1,16.37503133717005
GRW_nonstationary,2023-2024,2024-01-27,0,99.88159245789357
GRW_nonstationary,2023-2024,2024-01-27,1,278.6696756389875
GRW_nonstationary,2023-2024,2024-01-27,2,296.3887610261938
GRW_nonstationary,2023-2024,2024-01-27,3,312.6992169776143
GRW_nonstationary,2023-2024,2024-02-03,-1,15.414979977066759
GRW_nonstationary,2023-2024,2024-02-03,0,139.33627958131137
GRW_nonstationary,2023-2024,2024-02-03,1,156.04745725676597
GRW_nonstationary,2023-2024,2024-02-03,2,165.17045700292667
GRW_nonstationary,2023-2024,2024-02-03,3,148.47521617584454
GRW_nonstationary,2023-2024,2024-02-10,-1,10.764749414519539
GRW_nonstationary,2023-2024,2024-02-10,0,33.10359333597973
GRW_nonstationary,2023-2024,2024-02-10,1,49.96786929183061
GRW_nonstationary,2023-2024,2024-02-10,2,50.8366557807391
GRW_nonstationary,2023-2024,2024-02-10,3,48.83637983037721
GRW_nonstationary,2023-2024,2024-02-17,-1,8.957437237444045
GRW_nonstationary,2023-2024,2024-02-17,0,28.099305231889353
GRW_nonstationary,2023-2024,2024-02-17,1,35.61896963569478
GRW_nonstationary,2023-2024,2024-02-17,2,37.130019246573305
GRW_nonstationary,2023-2024,2024-02-17,3,43.87058090376395
GRW_nonstationary,2023-2024,2024-02-24,-1,7.830745962476191
GRW_nonstationary,2023-2024,2024-02-24,0,28.859097465980845
GRW_nonstationary,2023-2024,2024-02-24,1,30.235173310119613
GRW_nonstationary,2023-2024,2024-02-24,2,32.661097053887964
GRW_nonstationary,2023-2024,2024-02-24,3,28.59258093857597
GRW_nonstationary,2023-2024,2024-03-02,-1,9.67688987281524
GRW_nonstationary,2023-2024,2024-03-02,0,21.706520467613096
GRW_nonstationary,2023-2024,2024-03-02,1,30.15473791895472
GRW_nonstationary,2023-2024,2024-03-02,2,30.069062359278682
GRW_nonstationary,2023-2024,2024-03-02,3,22.719482896560432
GRW_nonstationary,2023-2024,2024-03-09,-1,7.137593501990781
GRW_nonstationary,2023-2024,2024-03-09,0,24.189173204185053
GRW_nonstationary,2023-2024,2024-03-09,1,28.076853795506306
GRW_nonstationary,2023-2024,2024-03-09,2,20.742709878804583
GRW_nonstationary,2023-2024,2024-03-09,3,27.317979676789143
GRW_nonstationary,2023-2024,2024-03-16,-1,7.062868075413431
GRW_nonstationary,2023-2024,2024-03-16,0,14.165967960998273
GRW_nonstationary,2023-2024,2024-03-16,1,13.427224496728503
GRW_nonstationary,2023-2024,2024-03-16,2,30.88775506042801
GRW_nonstationary,2023-2024,2024-03-16,3,29.282020751988146
GRW_nonstationary,2023-2024,2024-03-23,-1,4.62052931590389
GRW_nonstationary,2023-2024,2024-03-23,0,11.389758001636686
GRW_nonstationary,2023-2024,2024-03-23,1,39.79026755909164
GRW_nonstationary,2023-2024,2024-03-23,2,38.85397708003197
GRW_nonstationary,2023-2024,2024-03-23,3,37.439165445036146
GRW_nonstationary,2023-2024,2024-03-30,-1,3.535991057586895
GRW_nonstationary,2023-2024,2024-03-30,0,29.829608558766935
GRW_nonstationary,2023-2024,2024-03-30,1,29.837675011219144
GRW_nonstationary,2023-2024,2024-03-30,2,31.835010419789594
GRW_nonstationary,2023-2024,2024-03-30,3,10.879229039584667
GRW_nonstationary,2023-2024,2024-04-06,-1,5.146754780084227
GRW_nonstationary,2023-2024,2024-04-06,0,12.526495089346435
GRW_nonstationary,2023-2024,2024-04-06,1,17.169364427629397
GRW_nonstationary,2023-2024,2024-04-06,2,7.782853512001762
GRW_nonstationary,2023-2024,2024-04-06,3,11.052668530382656
GRW_nonstationary,2023-2024,2024-04-13,-1,5.224902999251172
GRW_nonstationary,2023-2024,2024-04-13,0,13.998557401281737
GRW_nonstationary,2023-2024,2024-04-13,1,6.521049110874052
GRW_nonstationary,2023-2024,2024-04-13,2,8.929318311105275
GRW_nonstationary,2023-2024,2024-04-13,3,12.422250840455332
GRW_nonstationary,2024-2025,2024-11-16,-1,1.4250210459769161
GRW_nonstationary,2024-2025,2024-11-16,0,7.227494239612485
GRW_nonstationary,2024-2025,2024-11-16,1,9.259065400332801
GRW_nonstationary,2024-2025,2024-11-16,2,15.625956353289233
GRW_nonstationary,2024-2025,2024-11-16,3,20.023736884001273
GRW_nonstationary,2024-2025,2024-11-23,-1,2.8605490313609643
GRW_nonstationary,2024-2025,2024-11-23,0,15.819025322015264
GRW_nonstationary,2024-2025,2024-11-23,1,32.53400454597965
GRW_nonstationary,2024-2025,2024-11-23,2,38.62648869620038
GRW_nonstationary,2024-2025,2024-11-23,3,48.198180880902996
GRW_nonstationary,2024-2025,2024-11-30,-1,2.6569075934756117
GRW_nonstationary,2024-2025,2024-11-30,0,15.036472386107363
GRW_nonstationary,2024-2025,2024-11-30,1,17.187906167679994
GRW_nonstationary,2024-2025,2024-11-30,2,26.195295611205545
GRW_nonstationary,2024-2025,2024-11-30,3,64.64977338809558
GRW_nonstationary,2024-2025,2024-12-07,-1,2.5332206035905895
GRW_nonstationary,2024-2025,2024-12-07,0,9.50258307645984
GRW_nonstationary,2024-2025,2024-12-07,1,26.128146577123832
GRW_nonstationary,2024-2025,2024-12-07,2,40.92856049053799
GRW_nonstationary,2024-2025,2024-12-07,3,95.6932077415974
GRW_nonstationary,2024-2025,2024-12-14,-1,4.088246772559248
GRW_nonstationary,2024-2025,2024-12-14,0,18.119595934246615
GRW_nonstationary,2024-2025,2024-12-14,1,34.8673847432595
GRW_nonstationary,2024-2025,2024-12-14,2,79.49366292839191
GRW_nonstationary,2024-2025,2024-12-14,3,203.8551573919342
GRW_nonstationary,2024-2025,2024-12-21,-1,10.116300176762406
GRW_nonstationary,2024-2025,2024-12-21,0,55.622127652694296
GRW_nonstationary,2024-2025,2024-12-21,1,72.112496891358
GRW_nonstationary,2024-2025,2024-12-21,2,148.58894488907887
GRW_nonstationary,2024-2025,2024-12-21,3,176.9831886541727
GRW_nonstationary,2024-2025,2024-12-28,-1,11.33814221806752
GRW_nonstationary,2024-2025,2024-12-28,0,60.19985834923693
GRW_nonstationary,2024-2025,2024-12-28,1,209.30327811034107
GRW_nonstationary,2024-2025,2024-12-28,2,240.54650936084386
GRW_nonstationary,2024-2025,2024-12-28,3,360.9656545514953
GRW_nonstationary,2024-2025,2025-01-04,-1,17.33189123410056
GRW_nonstationary,2024-2025,2025-01-04,0,167.68963649728573
GRW_nonstationary,2024-2025,2025-01-04,1,199.73223517836868
GRW_nonstationary,2024-2025,2025-01-04,2,316.91887333421255
GRW_nonstationary,2024-2025,2025-01-04,3,555.0863796815568
GRW_nonstationary,2024-2025,2025-01-11,-1,23.3321395864375
GRW_nonstationary,2024-2025,2025-01-11,0,75.0508439296573
GRW_nonstationary,2024-2025,2025-01-11,1,158.47523540475623
GRW_nonstationary,2024-2025,2025-01-11,2,335.3086475072578
GRW_nonstationary,2024-2025,2025-01-11,3,493.4527362855629
GRW_nonstationary,2024-2025,2025-01-18,-1,22.768354224068382
GRW_nonstationary,2024-2025,2025-01-18,0,92.44880258272026
GRW_nonstationary,2024-2025,2025-01-18,1,240.50243011250913
GRW_nonstationary,2024-2025,2025-01-18,2,365.21777023926796
GRW_nonstationary,2024-2025,2025-01-18,3,367.70668469474384
GRW_nonstationary,2024-2025,2025-01-25,-1,28.25077494807173
GRW_nonstationary,2024-2025,2025-01-25,0,145.15275929591542
GRW_nonstationary,2024-2025,2025-01-25,1,263.59454376539543
GRW_nonstationary,2024-2025,2025-01-25,2,292.63861022461776
GRW_nonstationary,2024-2025,2025-01-25,3,300.0061062149056
GRW_nonstationary,2024-2025,2025-02-01,-1,45.82539601361923
GRW_nonstationary,2024-2025,2025-02-01,0,159.74396348564574
GRW_nonstationary,2024-2025,2025-02-01,1,232.70881919751446
GRW_nonstationary,2024-2025,2025-02-01,2,402.2709527926075
GRW_nonstationary,2024-2025,2025-02-01,3,657.7195757137388
GRW_nonstationary,2024-2025,2025-02-08,-1,56.72167129185899
GRW_nonstationary,2024-2025,2025-02-08,0,204.61783483781915
GRW_nonstationary,2024-2025,2025-02-08,1,439.48259454787217
GRW_nonstationary,2024-2025,2025-02-08,2,729.9058322600964
GRW_nonstationary,2024-2025,2025-02-08,3,632.8479105574262
GRW_nonstationary,2024-2025,2025-02-15,-1,61.60718995504564
GRW_nonstationary,2024-2025,2025-02-15,0,330.01732203158
GRW_nonstationary,2024-2025,2025-02-15,1,617.854180560182
GRW_nonstationary,2024-2025,2025-02-15,2,552.9593076072972
GRW_nonstationary,2024-2025,2025-02-15,3,607.2242954496295
GRW_nonstationary,2024-2025,2025-02-22,-1,42.20031622946485
GRW_nonstationary,2024-2025,2025-02-22,0,252.28797581456328
GRW_nonstationary,2024-2025,2025-02-22,1,227.04374904689215
GRW_nonstationary,2024-2025,2025-02-22,2,278.5794913602346
GRW_nonstationary,2024-2025,2025-02-22,3,208.90474688301262
GRW_nonstationary,2024-2025,2025-03-01,-1,31.49995601513738
GRW_nonstationary,2024-2025,2025-03-01,0,79.62961058581837
GRW_nonstationary,2024-2025,2025-03-01,1,110.8182300175518
GRW_nonstationary,2024-2025,2025-03-01,2,93.96272776244729
GRW_nonstationary,2024-2025,2025-03-01,3,79.93640417396927
GRW_nonstationary,2024-2025,2025-03-08,-1,25.56964342469914
GRW_nonstationary,2024-2025,2025-03-08,0,83.01350397683036
GRW_nonstationary,2024-2025,2025-03-08,1,77.69837064803491
GRW_nonstationary,2024-2025,2025-03-08,2,69.78786630747226
GRW_nonstationary,2024-2025,2025-03-08,3,104.29062920797047
GRW_nonstationary,2024-2025,2025-03-15,-1,23.471044997830496
GRW_nonstationary,2024-2025,2025-03-15,0,52.44890492080189
GRW_nonstationary,2024-2025,2025-03-15,1,48.88317798889009
GRW_nonstationary,2024-2025,2025-03-15,2,72.15901467601557
GRW_nonstationary,2024-2025,2025-03-15,3,62.90153465068436
GRW_nonstationary,2024-2025,2025-03-22,-1,19.28913298278923
GRW_nonstationary,2024-2025,2025-03-22,0,35.71601902916291
GRW_nonstationary,2024-2025,2025-03-22,1,65.73802827046485
GRW_nonstationary,2024-2025,2025-03-22,2,54.635593922584675
GRW_nonstationary,2024-2025,2025-03-22,3,39.22517836444286
GRW_nonstationary,2024-2025,2025-03-29,-1,12.414964911603347
GRW_nonstationary,2024-2025,2025-03-29,0,59.544729764586144
GRW_nonstationary,2024-2025,2025-03-29,1,49.98674012092061
GRW_nonstationary,2024-2025,2025-03-29,2,33.903978086912375
GRW_nonstationary,2024-2025,2025-03-29,3,38.551855735390006
GRW_nonstationary,2024-2025,2025-04-05,-1,8.175480943671037
GRW_nonstationary,2024-2025,2025-04-05,0,15.222019830703829
GRW_nonstationary,2024-2025,2025-04-05,1,13.60355707221262
GRW_nonstationary,2024-2025,2025-04-05,2,17.593572227861017
GRW_nonstationary,2024-2025,2025-04-05,3,14.748862155933585
GRW_nonstationary,2024-2025,2025-04-12,-1,7.68851944542169
GRW_nonstationary,2024-2025,2025-04-12,0,10.402453600897319
GRW_nonstationary,2024-2025,2025-04-12,1,13.738083729480744
GRW_nonstationary,2024-2025,2025-04-12,2,12.793955852076257
GRW_nonstationary,2024-2025,2025-04-12,3,12.095476486939456
